Casenr,Age,Gender,Ethnicity,Education,RFFT,VAT,CVD,DM,Smoking,Hypertension,BMI,SBP,DBP,MAP,eGFR,Albuminuria_1,Albuminuria_2,Chol,HDL,Statin,Solubility,Days,Years,DDD,FRS,PS,PSquint,GRS,Match_1,Match_2
2266,55,1,3,2,62,,0,1,0,0,39.66942149,122,63.5,86,83.29572845,0,0,3.86,1.54,0,2,-1,-1,0,8,0.3742751836,5,1,816,113
3235,65,1,0,1,79,11,0,0,0,1,28.98114344,107.5,66.5,82.5,76.49060797,0,0,5.64,1.53,1,1,1672,4.580821918,1373,11,0.2559460648,4,1,727,242
1068,46,0,2,3,89,6,0,0,0,0,23.23345618,120.5,75,92.5,76.44908826,1,2,6.83,1.04,0,2,-1,-1,0,,0.1285040032,3,0,-1,-1
3422,68,1,0,2,70,5,0,0,0,0,22.34351559,114.5,67,85,61.23697459,0,1,7.11,1.85,0,2,-1,-1,0,9,0.09417573823,2,0,838,-1
3570,70,0,0,2,35,10,0,0,0,0,32.41003709,114,72.5,89.5,88.14615132,0,0,5.04,1.4,0,2,-1,-1,0,12,0.193432078,4,1,-1,276
1932,53,0,0,0,14,7,0,0,0,0,29.1587695,126.5,75,95,91.90594913,0,0,3.05,0.79,0,2,-1,-1,0,8,0.1309184967,3,1,15,121
3134,64,0,2,1,31,8,0,0,0,0,23.73560599,119,77,92.5,56.77289251,0,1,4.9,1.23,0,2,-1,-1,0,12,0.1694972166,3,0,200,-1
3573,70,0,0,3,47,5,0,0,0,1,26.32233627,141,76.5,100,69.35980133,0,0,5.5,1.57,0,2,-1,-1,0,15,0.276121276,4,1,-1,-1
1103,46,1,0,2,88,11,0,0,1,1,19.60347516,159.5,99,119.5,80.70039639,0,1,3.92,1.39,0,2,-1,-1,0,11,0.1425366006,3,0,-1,-1
868,44,0,0,3,91,11,0,0,0,0,28.40550436,129.5,70,90,75.30899562,0,0,5.75,1.18,0,2,-1,-1,0,8,0.08917396424,2,0,-1,-1
1048,46,0,0,3,77,10,0,0,1,0,23.83673469,122,68.5,88,90.60374727,0,0,6.71,1.23,0,2,-1,-1,0,11,0.09939566763,2,1,-1,-1
3859,75,0,0,1,36,7,0,0,0,1,32.77051278,141.5,65,93,60.34528131,0,0,5.42,1.16,0,2,-1,-1,0,21,0.4409478977,5,0,272,814
574,41,1,0,2,73,9,0,0,1,0,33.16719854,105.5,68,80.5,95.03154952,0,1,4.6,0.85,0,2,-1,-1,0,7,0.08781638799,2,1,-1,-1
596,41,1,0,1,117,10,0,0,0,0,23.75430346,116.5,59,83.5,91.61139291,0,0,6.28,1.37,0,2,-1,-1,0,4,0.06920633563,1,1,-1,-1
3267,66,0,0,0,26,10,0,0,1,1,30.81707463,148.5,78.5,103,94.79463069,0,0,6.05,0.94,1,,225,0.6164383562,742.5,23,0.3764875995,5,0,43,848
292,38,1,0,3,103,12,0,0,0,0,30.32334259,127.5,68.5,87.5,72.95909884,0,0,3.77,1.48,0,2,-1,-1,0,1,0.05244387283,1,1,852,-1
3143,64,1,0,1,32,11,0,0,0,0,27.50865052,122.5,67,86,57.19628829,0,0,8.17,1.5,0,2,-1,-1,0,10,0.1224590248,3,1,-1,-1
1689,51,0,0,3,64,9,0,0,0,0,33.39471302,129,83.5,100,79.68568247,1,2,4.71,1.28,1,1,1441,3.947945205,2882,9,0.1824073416,4,0,484,164
1266,47,1,0,3,80,12,0,0,0,0,32.18934911,132.5,70,95,66.93511901,0,0,5.62,1.68,0,2,-1,-1,0,6,0.06685701917,1,0,-1,-1
2878,61,0,0,1,32,10,1,1,0,1,27.99036281,126.5,76,94.5,93.40261453,0,1,4.55,0.98,1,1,1264,3.463013699,1264,19,0.9256824805,5,0,180,-1
1289,48,0,0,1,65,7,1,1,0,1,35.9346346,125,66.5,87.5,87.3600937,1,2,3.66,0.94,1,0,2946,8.071232877,6808.458,10,0.9517947704,5,0,99,-1
2045,54,0,0,2,109,9,0,0,0,1,26.57312925,153.5,87,109.5,84.45863743,0,0,6.63,1.69,0,2,-1,-1,0,11,0.2449834153,4,1,-1,-1
3871,75,0,0,1,39,11,0,1,1,1,24.49557265,168,94,121,38.48240105,1,2,3.37,0.89,0,2,-1,-1,0,29,0.8549531711,5,0,277,892
2577,58,0,0,0,25,1,0,0,1,1,27.19955121,144,76.5,94.5,88.93843357,0,1,4.99,0.88,0,2,-1,-1,0,22,0.3117267224,4,1,23,-1
1664,51,0,0,1,80,12,0,0,0,0,23.22209992,133,82,97.5,74.86440968,0,1,5.83,1.96,0,2,-1,-1,0,9,0.130410808,3,1,107,-1
3662,71,1,0,2,47,12,0,0,0,1,30.48751976,171,79.5,109.5,93.67346065,0,1,5.42,0.99,0,2,-1,-1,0,22,0.246292755,4,0,842,838
2646,58,1,0,0,72,12,0,0,0,0,27.0884384,108.5,67.5,85.5,90.2484842,0,0,4.43,1.83,0,2,-1,-1,0,4,0.0883679245,2,1,-1,-1
3209,65,1,0,0,73,10,0,0,0,1,28.50586253,146.5,68.5,96,67.39222884,0,0,6.94,1.63,1,1,1431,3.920547945,2862,17,0.2145059103,4,0,619,571
3106,64,0,0,2,72,11,0,0,0,1,31.69895409,153.5,92.5,113,93.92191845,0,0,7.09,0.9,0,2,-1,-1,0,18,0.3212219104,4,0,396,-1
3540,70,0,0,0,26,3,0,0,0,0,22.77962414,118,78,94.5,108.795845,1,2,4.98,1.27,1,1,1432,3.923287671,2864,16,0.2348363786,4,0,61,-1
2758,59,1,0,0,33,10,0,0,0,0,18.49112426,108,55,74.5,74.26920176,0,0,5.62,1.63,0,2,-1,-1,0,6,0.07134097614,1,1,-1,-1
3088,63,1,0,1,58,11,0,1,0,1,29.41073492,152.5,75.5,105,76.97742738,0,1,4.14,1.48,1,0,825,2.260273973,825,16,0.6056726894,5,0,717,550
1665,51,0,0,3,106,11,0,0,0,1,34.00999043,147.5,87,109,98.35235058,0,0,5.08,1.13,0,2,-1,-1,0,12,0.237980242,4,0,-1,-1
390,39,1,0,2,118,9,0,0,0,0,19.37716263,88.5,54.5,66,97.82045617,0,0,5.47,1.3,0,2,-1,-1,0,1,0.04719658936,1,1,-1,-1
58,36,0,0,3,134,7,0,0,0,0,21.30412827,120.5,66,82.5,131.5011711,0,0,4.62,1.47,0,2,-1,-1,0,0,0.06211144017,1,0,-1,-1
3998,78,0,0,3,39,11,0,0,0,1,27.30783978,158,77,114,66.25685967,0,1,5.93,1.25,0,2,-1,-1,0,21,0.3198855664,4,1,-1,-1
2945,61,1,0,2,49,11,0,1,1,1,34.01360544,131.5,66.5,93.5,68.2667574,1,2,5.22,1.61,1,1,1440,3.945205479,2880,20,0.7345125405,5,0,828,786
1769,51,1,0,3,72,11,0,0,0,1,31.43900545,162,99,123.5,64.91966795,0,1,4.03,1.67,0,2,-1,-1,0,10,0.150311678,3,0,869,-1
1391,48,1,0,0,40,12,0,0,1,0,24.5389649,121,76,89.5,95.58979187,1,2,4.31,1.84,0,2,-1,-1,0,4,0.1293765595,3,0,-1,23
3721,72,0,0,3,35,8,0,0,0,1,21.0076678,167.5,85,119.5,91.70288371,1,2,3.61,1.15,0,2,-1,-1,0,,0.363893788,5,1,574,-1
3037,62,1,0,1,48,11,0,0,0,0,31.44623186,127,71.5,92.5,73.52519781,0,0,3.65,1.15,0,2,-1,-1,0,10,0.1303820965,3,1,-1,216
3814,74,0,0,1,48,10,0,0,0,1,28.08901095,137,72,99.5,69.4157645,0,1,4.82,1.31,0,2,-1,-1,0,17,0.4016144857,5,0,267,584
2138,54,1,0,3,105,10,0,0,1,0,21.66777681,99.5,65,75.5,54.2488723,0,1,6,,0,2,-1,-1,0,,0.07042648379,1,0,-1,-1
1545,50,0,0,0,51,10,0,0,1,1,40.6569155,144,80,103.5,94.37725595,1,2,7.43,1.4,1,0,1815,4.97260274,3630,19,0.4862187272,5,0,10,701
737,43,0,0,3,112,12,0,0,0,0,20.61631944,101,57,71,86.19719323,0,0,5.84,2.05,0,2,-1,-1,0,3,0.07060771721,1,0,-1,-1
1693,51,0,0,2,62,6,0,0,0,0,23.73530842,111,58,78,71.3838266,0,0,4.99,1.19,0,2,-1,-1,0,7,0.107808978,3,1,-1,-1
3411,68,0,0,0,65,6,0,0,0,1,33.99406301,175,87,120,76.14110349,0,1,5.69,1.44,1,0,675,1.849315068,1800.225,18,0.3599783298,5,0,52,654
3099,63,1,0,1,35,10,0,0,0,0,34.26555808,135.5,73,100,94.06662662,0,1,6.36,1.92,0,2,-1,-1,0,12,0.1429003139,3,0,718,-1
772,43,1,0,1,43,11,0,0,1,0,34.36775344,125.5,65,84.5,71.15106987,0,0,4.92,2.22,0,2,-1,-1,0,6,0.1162226184,3,1,-1,69
2329,56,0,0,1,87,8,0,0,0,1,27.70954279,145.5,82.5,107,82.39983219,0,0,4.39,1.14,1,0,736,2.016438356,490.814,14,0.3067076465,4,0,145,399
1330,48,0,0,3,108,6,0,0,0,0,27.41152929,139,85,103.5,73.99046858,1,2,5.43,1.53,1,1,1438,3.939726027,2876,8,0.1486498491,3,0,474,-1
2544,58,0,0,0,19,10,1,0,0,1,22.66270867,114.5,71.5,85.5,76.64814336,0,0,5.46,1.72,0,2,-1,-1,0,10,0.6344084721,5,0,21,-1
2119,54,1,0,1,46,12,0,0,0,1,30.48780488,146,89.5,110.5,101.0696604,0,0,6.42,1.08,0,2,-1,-1,0,17,0.2192084391,4,0,-1,-1
3105,64,0,0,1,49,11,0,0,0,0,24.41677948,106,71,83,88.45392143,0,1,6.35,1.52,0,2,-1,-1,0,11,0.1723611364,3,0,-1,-1
2280,55,1,0,1,51,9,0,0,1,0,21.85394282,134.5,77.5,94.5,89.53014906,0,0,5.37,1.87,0,2,-1,-1,0,13,0.1062529494,2,1,-1,-1
1016,45,1,0,3,100,12,0,0,0,1,43.93424036,146,82,102.5,74.85542054,1,2,6.4,1.26,0,2,-1,-1,0,14,0.2731453723,4,0,858,392
2202,55,0,0,3,123,9,0,0,0,0,21.70512943,130.5,81,96.5,88.62246632,0,0,6.15,1.74,0,2,-1,-1,0,10,0.09323864566,2,0,-1,-1
944,45,0,0,2,108,8,0,0,0,0,28.84703333,132,71.5,91,70.74063133,0,0,4.31,1.12,0,2,-1,-1,0,9,0.1094038981,3,1,311,-1
3618,71,0,0,3,30,11,0,0,1,0,23.88844098,126,69,90,91.96361716,1,2,4.77,1.21,0,2,-1,-1,0,17,0.2457791387,4,0,570,567
1116,46,1,0,2,97,10,0,0,0,0,19.67516685,99.5,57.5,73,75.68594247,0,0,4.48,1.48,0,2,-1,-1,0,2,0.05527728769,1,0,-1,-1
3989,78,0,0,0,34,9,0,1,0,1,28.571194,154.5,81.5,107.5,68.67789032,0,0,6.55,1.44,0,2,-1,-1,0,24,0.7345010419,5,1,79,872
2310,56,0,0,3,115,,0,0,1,1,33.0661933,150.5,89.5,120,98.00968387,0,1,6.73,0.94,1,0,90,0.2465753425,59.985,20,0.2954962781,4,0,512,768
3554,70,0,0,3,77,12,0,0,0,1,31.95947267,125.5,82,97.5,77.93389193,0,1,4.59,0.92,1,,2101,5.756164384,5839.815,19,0.310767169,4,1,569,731
3526,70,0,0,1,70,10,0,0,0,0,26.3958034,122.5,70.5,89,62.04423872,0,1,4.94,0.77,0,2,-1,-1,0,15,0.2017996951,4,0,235,475
3155,64,1,0,2,62,6,0,0,0,0,20.36108078,104.5,67,78,68.63258557,0,1,4.87,0.95,0,2,-1,-1,0,8,0.08221516575,2,0,831,-1
2146,54,1,0,3,68,10,0,0,0,0,30.69387755,113.5,73,88,56.27387527,0,0,5.98,1.37,0,2,-1,-1,0,6,0.07428514488,1,1,-1,-1
2211,55,0,0,0,57,7,0,0,0,0,29.77263833,119,70.5,86,91.21746527,0,0,6.72,1.53,0,2,-1,-1,0,10,0.1382874466,3,1,-1,-1
274,38,1,0,1,79,9,0,0,0,0,22.51627809,102.5,57,73,88.24308544,0,0,6.15,2.07,0,2,-1,-1,0,0,0.06278074223,1,0,-1,-1
1462,49,1,0,1,82,12,0,0,0,0,31.83391003,119.5,67.5,81.5,65.44903255,0,1,5.05,1.42,0,2,-1,-1,0,2,0.1016536814,2,0,660,15
2579,58,0,0,0,73,12,0,0,1,0,23.92485822,131,73,93,103.7613754,0,1,4.07,1.07,1,1,1441,3.947945205,2882,15,0.1512028219,3,0,21,459
3672,71,1,0,1,35,10,0,0,0,1,36.94932243,123.5,54.5,77.5,69.30261439,0,0,6.46,1.62,0,2,-1,-1,0,15,0.3327988836,5,0,761,456
1701,51,0,0,1,83,6,0,0,0,0,26.30361892,137,79,98.5,78.67572912,0,0,6.01,1.12,0,2,-1,-1,0,12,0.1411336986,3,0,109,-1
302,38,1,0,2,62,10,0,0,0,0,22.76883359,112,62.5,81.5,75.15106874,0,0,4.8,1.9,0,2,-1,-1,0,,0.0508353572,1,0,-1,-1
1697,51,0,0,2,114,8,0,0,0,0,24.83564646,116.5,75.5,89,89.99133868,1,2,7.76,1.29,1,0,1740,4.767123288,1740,10,0.173249002,4,0,331,185
3707,72,0,0,0,36,10,0,0,1,0,29.58155545,119,72,87,71.74198797,0,0,5.35,1.49,0,2,-1,-1,0,17,0.2240989999,4,1,69,608
1383,48,1,0,2,85,11,0,0,1,0,22.46355364,133,73.5,96.5,99.40534345,1,2,4.94,1.13,0,2,-1,-1,0,11,0.1210478565,3,0,-1,-1
3161,64,1,0,1,65,11,0,0,0,0,24.42359457,122,72,91,99.6958142,0,0,5.58,2.31,0,2,-1,-1,0,10,0.1129578386,3,1,722,-1
1378,48,1,0,3,72,10,0,0,0,0,21.0076678,123,76,93,70.610647,0,1,5.56,1.74,0,2,-1,-1,0,6,0.04996285605,1,0,-1,-1
211,38,0,0,2,106,10,1,0,0,1,24.7939537,145.5,80,100.5,87.96636786,0,0,6.86,1.64,0,2,-1,-1,0,5,0.5372568842,5,0,299,-1
2074,54,0,0,2,97,9,0,0,0,1,35.36087278,122.5,76.5,91,86.48348801,0,1,5.95,0.86,0,2,-1,-1,0,15,0.2963322273,4,0,342,468
839,44,0,0,2,81,11,0,0,0,0,23.99121286,130,71,91,70.26828673,0,1,7.55,1.39,0,2,-1,-1,0,6,0.09419619068,2,0,-1,-1
2644,58,1,0,1,64,10,0,0,0,0,23.05288828,95.5,59,71,65.05272307,0,0,5.43,1.27,1,,973,2.665753425,955.965,8,0.0965002108,2,1,694,120
2559,58,0,0,3,86,11,0,0,0,1,27.61889069,169,93.5,121.5,109.1432714,0,1,5.53,1.74,0,2,-1,-1,0,15,0.2322434294,4,0,525,442
981,45,1,0,2,86,11,0,0,0,1,28.20753175,110.5,76,88.5,82.41900817,0,0,5.01,1.28,0,2,-1,-1,0,5,0.1453023603,3,1,-1,46
933,45,0,0,2,46,10,0,0,0,0,24.25127831,120,68,84,100.8833161,0,0,4.86,1,0,2,-1,-1,0,6,0.09680881285,2,0,-1,-1
2927,61,1,0,0,54,10,0,0,0,1,30.83900227,115,64.5,84.5,76.46290678,0,0,5.98,1.69,0,2,-1,-1,0,9,0.2110051795,4,1,613,-1
1408,49,0,0,3,40,6,1,0,1,1,24.23601472,152.5,92.5,114.5,97.64976117,1,2,4.6,0.96,0,2,-1,-1,0,,0.7145318249,5,0,477,-1
130,37,0,0,2,87,10,0,0,1,0,25.77160494,109.5,66.5,79.5,113.6754423,0,1,4.66,1.3,0,2,-1,-1,0,4,0.1035821264,2,1,-1,-1
742,43,0,0,2,82,8,0,0,0,0,25.97867957,126,73.5,92,91.85269502,0,1,4.94,1.77,0,2,-1,-1,0,2,0.09735127845,2,1,-1,-1
3131,64,0,0,1,67,12,0,0,0,0,28.89586935,126,70,91.5,66.61247176,0,1,7.17,1.16,0,2,-1,-1,0,15,0.1921508483,4,0,198,-1
3690,72,0,0,1,36,11,0,0,0,0,27.76342975,133.5,71.5,96,65.03866033,0,1,4.97,1.35,0,2,-1,-1,0,16,0.2159465887,4,0,256,528
751,43,0,0,3,98,11,0,0,0,0,20.7778671,119,58.5,84,103.4086959,0,1,3.34,1.02,0,2,-1,-1,0,4,0.07092289062,1,0,-1,29
3719,72,0,0,1,63,7,1,1,1,1,24.34380949,142.5,70.5,92,90.31138298,1,2,3.39,1.1,1,1,962,2.635616438,1924,26,0.9673914494,5,0,254,-1
3737,72,1,0,0,28,7,0,0,0,1,33.58829109,149.5,87.5,117,66.00741643,1,2,4.88,1.07,0,2,-1,-1,0,14,0.3842449485,5,0,635,406
2034,53,1,2,3,56,10,0,0,0,0,34.15415753,102.5,63,78.5,64.41470676,0,1,5.97,,0,2,-1,-1,0,,0.07998705878,2,0,-1,-1
1152,46,1,0,2,47,12,0,0,1,0,20.56880661,103.5,69.5,80.5,75.68594247,0,0,5.09,0.84,0,2,-1,-1,0,8,0.06902772693,1,0,-1,-1
1515,49,1,0,2,56,12,0,0,1,0,22.79032897,104,73.5,84.5,75.90432506,0,0,6.66,2.56,1,0,210,0.5753424658,560.07,7,0.07811645868,2,0,805,101
396,39,1,0,2,111,10,0,0,0,0,21.67164025,100,59.5,72.5,86.29045991,0,1,5.74,1.79,0,2,-1,-1,0,0,0.0503539641,1,0,-1,-1
893,44,1,0,2,81,11,1,0,0,1,31.23140988,100,62,74.5,66.89476651,0,0,3.45,1.03,1,,1613,4.419178082,3454,4,0.4958470238,5,1,797,-1
3891,75,1,0,1,28,9,0,0,0,1,30.30275034,160,77.5,112.5,59.20679211,0,1,5.16,1.43,1,0,3175,8.698630137,2660.325,19,0.3094638126,4,1,779,724
2669,59,0,0,3,43,10,0,0,0,0,28.08641975,129.5,81,98,70.12019159,0,1,6.05,1.09,0,2,-1,-1,0,14,0.1197007914,3,0,-1,-1
2514,57,1,0,2,73,10,0,0,0,1,35.13928457,106.5,66,79,69.21315326,0,0,5.9,1.21,0,2,-1,-1,0,10,0.2148555314,4,0,819,192
1334,48,0,0,2,111,11,0,0,0,1,25.05736022,142,88,105.5,109.6310687,1,2,6.46,1.09,0,2,-1,-1,0,14,0.3126399064,4,0,319,-1
793,43,1,0,1,42,11,0,0,1,0,26.68456041,119,77.5,93,86.05629781,0,1,4.13,1.31,0,2,-1,-1,0,4,0.09477731955,2,0,651,27
2967,62,0,0,3,73,3,0,0,0,0,24.59321113,118,72,90.5,66.2850455,0,0,5.87,1.46,0,2,-1,-1,0,12,0.1159541342,3,1,540,-1
2115,54,1,0,3,57,11,0,0,0,0,25.21735858,111.5,70.5,87,66.00326662,0,1,5.68,1.22,0,2,-1,-1,0,7,0.06385602023,1,0,-1,-1
528,41,0,0,3,87,7,0,0,0,0,26.88093499,117.5,76,89.5,77.31568709,0,0,5.37,1.61,0,2,-1,-1,0,5,0.08042489425,2,0,-1,-1
762,43,1,0,3,114,8,0,0,0,0,20.41522491,95,59.5,71.5,62.00522456,0,0,5.31,2.28,0,2,-1,-1,0,2,0.04413123481,1,1,-1,-1
695,42,1,0,2,81,10,0,0,0,0,26.34649403,103.5,63.5,76.5,71.49174955,0,0,4.98,1.45,0,2,-1,-1,0,1,0.06118474389,1,0,-1,-1
1007,45,1,0,2,86,12,0,0,0,0,29.36576335,129,69.5,94.5,64.78490663,0,1,4.57,1.46,0,2,-1,-1,0,5,0.07086026274,1,1,-1,-1
1261,47,1,0,3,88,,0,0,0,0,22.51530944,131.5,65,89.5,67.88995146,0,1,3.67,1.47,0,2,-1,-1,0,4,0.05102717654,1,0,-1,-1
2476,57,0,0,3,102,11,0,0,0,0,24.53512397,128.5,76,94.5,81.01587646,0,0,8.66,1.72,0,2,-1,-1,0,12,0.1047344773,2,1,-1,-1
3290,66,1,0,2,43,11,0,0,,0,20.88888889,98.5,62,76,73.77962449,0,0,6.13,1.48,0,2,-1,-1,0,,,,1,-1,-1
3189,65,0,0,2,52,11,0,0,0,0,27.81588173,124,69.5,85,56.59448925,0,0,7.27,1.36,0,2,-1,-1,0,,0.1575169707,3,1,401,-1
1637,50,1,0,1,62,11,0,0,0,1,35.29065778,137,75.5,99.5,80.67493299,0,0,5.12,1.21,0,2,-1,-1,0,13,0.2283040132,4,0,664,346
1865,52,1,0,1,37,11,0,0,1,0,23.4375,117,63.5,89,118.8240626,0,1,5.84,1.74,1,0,2355,6.452054795,1570.155,8,0.1043115827,2,0,671,113
2433,57,0,0,3,98,11,0,0,1,0,23.7021621,109,67.5,80.5,83.22033822,0,0,7.11,1.61,0,2,-1,-1,0,13,0.1234550872,3,1,-1,-1
603,41,1,0,2,107,10,0,0,0,0,21.13885586,106.5,65.5,80,98.69800273,0,0,5.42,1.89,0,2,-1,-1,0,2,0.05177141477,1,0,-1,-1
1251,47,1,0,3,105,8,0,0,1,0,23.30668005,104.5,71.5,83,72.29219168,0,0,6.57,1.73,0,2,-1,-1,0,7,0.06361080129,1,1,-1,-1
2567,58,0,0,1,44,11,1,0,0,0,27.77777778,125.5,73,89,80.7303523,0,1,4.39,1.61,1,0,3101,8.495890411,3988.368,10,0.5209081349,5,0,162,-1
1809,52,0,0,1,40,9,0,0,0,0,27.77588052,114,73.5,88,93.62882604,0,1,4.22,1.35,0,2,-1,-1,0,6,0.1493517915,3,0,114,55
3993,78,0,0,2,21,6,0,0,1,1,27.04164413,154,72,99,46.17327432,1,2,5.55,2.01,1,0,1080,2.95890411,2160,24,0.5392407541,5,1,451,874
104,37,0,0,3,109,12,0,0,0,0,23.75430346,111,62.5,80,101.8315551,0,0,4.44,1.63,0,2,-1,-1,0,,0.06789546831,1,1,-1,-1
3873,75,0,0,1,73,10,0,0,0,1,30.89470056,147.5,77,102,48.33070978,0,0,4.72,1.55,0,2,-1,-1,0,19,0.4272770314,5,0,278,727
539,41,0,0,2,69,12,0,0,1,0,23.12406059,109,68.5,82,88.97683417,0,0,4.95,1.25,0,2,-1,-1,0,8,0.1046616856,2,0,-1,-1
3142,64,1,0,1,45,9,0,1,0,1,23.46615423,138.5,60.5,87.5,80.77218324,0,1,5.8,0.77,1,0,1763,4.830136986,2700.135,23,0.5683982867,5,0,724,853
36,36,0,0,3,99,11,0,0,0,0,23.29122996,117.5,66.5,83.5,68.22967478,0,0,4.11,1.6,0,2,-1,-1,0,0,0.06563577025,1,1,-1,-1
3436,68,1,0,1,71,11,0,0,0,0,26.72929708,137,72.5,101,77.08139923,0,0,6.28,2.35,0,2,-1,-1,0,14,0.1298431437,3,1,-1,-1
1813,52,0,0,3,46,10,0,0,0,1,23.67125363,155.5,94,118.5,87.14860738,0,1,6.4,1.44,0,2,-1,-1,0,12,0.1903103983,4,0,-1,-1
3031,62,1,0,1,39,8,0,0,1,0,29.64268547,119.5,61.5,84.5,59.09641322,0,1,8.14,1.7,0,2,-1,-1,0,12,0.1492114189,3,0,-1,-1
3861,75,0,0,2,81,10,0,0,0,1,27.73885441,158,84.5,110,50.43131637,1,2,6.41,1.04,0,2,-1,-1,0,23,0.475041951,5,0,443,853
1842,52,0,0,2,60,10,0,0,1,1,26.56683975,134,79.5,97.5,109.6973951,1,2,4.81,1.19,1,0,2187,5.991780822,7563,16,0.3911208435,5,0,336,536
2431,57,0,0,2,108,9,0,0,0,0,22.26345083,134,81.5,98.5,90.55846037,0,1,5.43,1.67,1,1,1423,3.898630137,2846,11,0.1169327156,3,0,355,-1
4058,80,0,0,1,29,1,0,0,0,1,28.08792607,143.5,69.5,94,76.6445413,1,2,6.02,0.73,0,2,-1,-1,0,21,0.5632370824,5,0,-1,-1
2886,61,0,0,1,60,11,0,0,0,1,25.68007405,160,88,115,84.36982995,0,0,5.69,1.29,0,2,-1,-1,0,17,0.3179703846,4,0,179,587
563,41,1,0,1,92,11,0,0,1,1,27.16262976,141.5,87.5,108.5,77.4747066,0,0,3.83,1.33,0,2,-1,-1,0,7,0.1897636433,4,1,-1,-1
858,44,0,0,3,82,8,0,0,0,0,27.17077119,137.5,77.5,94,81.06933841,0,0,6.69,1.38,0,2,-1,-1,0,8,0.08624296879,2,1,-1,-1
779,43,1,0,3,114,8,0,0,0,0,23.84452652,115,73,88,68.1546997,0,0,5.56,1.39,0,2,-1,-1,0,3,0.04862786048,1,1,-1,-1
2272,55,1,0,2,70,,0,0,0,1,31.64428577,143.5,97,119,76.56146472,0,1,5.94,0.97,0,2,-1,-1,0,14,0.1908252279,4,0,-1,-1
2338,56,0,0,2,79,10,0,0,0,0,27.10204082,134,80,96.5,77.19609869,0,0,6.69,1.34,0,2,-1,-1,0,13,0.1300205394,3,0,-1,-1
636,42,0,0,3,109,8,0,0,0,0,30.60706501,133,73.5,92,70.93501292,0,0,5.67,0.66,0,2,-1,-1,0,9,0.09083298535,2,0,-1,-1
738,43,0,0,1,105,6,0,0,1,0,27.46481071,134,86.5,102.5,91.85269502,0,0,6.35,1.33,0,2,-1,-1,0,12,0.1491343751,3,1,-1,-1
723,43,0,0,3,122,11,0,0,1,0,26.02304899,117,73,85,94.50858532,1,2,5.43,1.08,0,2,-1,-1,0,10,0.1559357467,3,0,-1,-1
3150,64,1,0,1,55,9,0,0,0,0,23.08402585,134.5,76.5,93.5,58.1327672,0,1,6.83,0.95,0,2,-1,-1,0,,0.1090364179,3,0,720,-1
3848,74,1,0,0,42,3,0,0,0,1,21.33821064,108.5,71,87,64.67078356,0,1,4.86,2.43,0,2,-1,-1,0,9,0.2128459571,4,0,-1,149
2346,56,1,0,3,122,10,0,0,0,1,24.6097337,115.5,70,87.5,58.76790537,1,2,4.25,1.65,1,0,375,1.02739726,1000.125,6,0.2134552073,4,0,884,80
749,43,0,0,2,76,10,0,0,0,0,22.56808819,112.5,66.5,83,90.57639548,0,0,3.66,1.16,0,2,-1,-1,0,4,0.08881449478,2,0,-1,-1
62,36,1,0,1,48,11,0,0,1,0,22.45324522,101,66.5,78.5,85.30405865,0,0,5.16,1.25,0,2,-1,-1,0,5,0.07310753665,1,1,-1,-1
3727,72,1,0,0,36,5,0,1,0,1,22.58270917,178,75,104,72.48787403,0,0,3.88,1.73,1,0,1540,4.219178082,1540,20,0.5529574984,5,0,636,777
1785,52,0,0,2,81,6,0,0,1,1,28.73174689,109.5,74.5,88.5,90.93198677,0,0,4.99,0.65,1,0,345,0.9452054795,615,15,0.2898171777,4,0,334,461
1041,45,1,0,3,91,11,0,0,0,0,20.82291337,124.5,84,101,82.41900817,0,0,5.34,2.6,0,2,-1,-1,0,6,0.04660616073,1,1,-1,-1
2924,61,1,0,1,58,10,0,0,0,1,29.15976331,149,78.5,113,51.07619302,0,0,6.73,0.9,0,2,-1,-1,0,20,0.2401292926,4,0,-1,-1
1321,48,0,0,1,104,8,1,0,1,1,26.43928878,164,97.5,118,87.3600937,0,1,5.88,1.62,0,2,-1,-1,0,13,0.7036912224,5,1,98,-1
4008,78,1,0,1,68,8,0,0,0,1,31.92381571,123,63.5,89,77.59275143,0,0,6.76,1.5,0,2,-1,-1,0,18,0.334714329,5,1,787,668
98,37,0,0,3,63,11,0,0,0,0,22.09317005,122,68,89,89.63209486,0,0,5.02,1.38,0,2,-1,-1,0,2,0.06484212229,1,0,-1,-1
3157,64,1,0,3,50,9,0,0,0,0,27.28174603,122.5,77.5,91.5,59.69614279,0,1,5.26,1.45,0,2,-1,-1,0,11,0.08328094714,2,0,-1,-1
1636,50,1,0,1,59,11,0,0,0,0,27.56184431,103,57.5,72.5,72.15957789,0,0,5.22,1.79,0,2,-1,-1,0,5,0.09252382017,2,1,-1,-1
3966,77,0,0,1,64,9,0,0,0,1,26.86120692,144,77,109.5,70.57018149,0,1,4.02,0.9,0,2,-1,-1,0,20,0.4091264519,5,0,284,771
1067,46,0,0,1,75,9,0,0,0,0,23.30635706,125,86,100.5,95.98832581,0,0,3.97,1.49,0,2,-1,-1,0,3,0.1184191866,3,0,-1,-1
2290,55,1,0,3,114,11,0,0,0,0,29.666548,116.5,73,87.5,76.56146472,0,0,5.13,1.67,0,2,-1,-1,0,4,0.07374036163,1,1,882,-1
703,42,1,0,2,101,10,0,0,0,0,53.86751957,123,62.5,84,83.58145329,0,0,5.41,1.61,0,2,-1,-1,0,5,0.1285099739,3,1,-1,-1
3434,68,1,0,0,31,11,0,0,0,1,23.45856238,150.5,74,103.5,74.54460168,0,0,3.59,1.22,1,1,734,2.010958904,1468,15,0.2009878543,4,0,622,467
73,36,1,0,3,91,11,0,0,0,0,26.90828759,107.5,68,82,78.32420352,0,0,7.79,1.69,0,2,-1,-1,0,2,0.04562826515,1,0,-1,-1
2687,59,0,0,1,67,9,0,1,1,1,33.20854969,135,88,102.5,68.50389979,0,1,5.26,1.2,1,,2084,5.709589041,4358.095,23,0.7602594125,5,0,165,860
1894,52,1,0,1,45,7,0,0,0,0,25.76571346,104.5,67,81,65.57544196,0,0,4.49,1.11,0,2,-1,-1,0,6,0.0918353032,2,1,-1,80
2106,54,1,0,0,25,6,0,0,1,0,31.61579284,129.5,80.5,102,73.54058184,0,1,5.01,1.09,0,2,-1,-1,0,14,0.1111316196,3,0,-1,-1
1481,49,1,0,1,44,11,0,0,0,0,27.09925101,112,66,86,61.17547129,0,0,4.5,1.79,1,1,1151,3.153424658,2302,1,0.08952432774,2,1,660,7
3166,64,1,0,2,53,12,1,0,0,1,34.85018427,115,64.5,85.5,95.66817187,0,0,4.52,0.77,1,0,3060,8.383561644,5339.43,11,0.6321312483,5,0,831,-1
1069,46,0,0,3,119,12,0,0,0,0,27.7274785,114,71.5,84.5,75.53059446,0,0,6.37,1.17,0,2,-1,-1,0,7,0.09122094709,2,0,-1,-1
2300,56,0,0,1,72,12,0,0,0,0,23.0256846,122,70,88,98.00968387,0,0,5.92,1.83,0,2,-1,-1,0,8,0.1430108857,3,1,141,-1
2634,58,1,0,3,71,9,0,0,,0,24.36356018,108.5,60,79,56.15993345,0,0,6.32,2.37,0,2,-1,-1,0,,,,1,-1,-1
3676,71,1,0,3,37,10,0,0,0,1,31.62937276,141,61.5,88.5,65.21638432,0,0,5.06,0.99,0,2,-1,-1,0,18,0.2182501173,4,0,902,658
2565,58,0,0,1,89,12,0,0,0,1,31.13458075,143,81,106,75.68724184,1,2,6.28,0.92,1,1,1455,3.98630137,2910,16,0.4623271016,5,0,153,525
2111,54,1,0,1,43,9,0,0,1,1,25.28358029,116.5,75,88,68.94237317,0,0,5.22,2.19,0,2,-1,-1,0,13,0.2289243377,4,1,676,347
272,38,1,0,3,131,10,0,0,0,0,23.16774337,110,75.5,86.5,82.52922927,0,0,5.61,1.68,0,2,-1,-1,0,0,0.04284228649,1,0,-1,-1
374,39,1,0,3,76,11,0,0,0,0,33.80205516,115.5,73,88.5,89.31620078,0,0,5.16,1.81,0,2,-1,-1,0,0,0.05905576774,1,1,-1,-1
3478,69,0,0,0,48,9,0,0,1,0,23.37643363,104.5,71.5,82.5,58.22374951,0,0,5,1.23,1,0,1005,2.753424658,2010,15,0.1833775445,4,1,57,452
2996,62,0,0,1,36,10,0,0,1,1,24.18811536,127.5,80.5,97.5,51.46657036,1,2,6.9,1.01,0,2,-1,-1,0,22,0.4858401216,5,0,187,849
2236,55,1,0,1,78,11,0,0,0,1,26.29848784,122,66.5,88,63.9321647,0,0,5.56,1.39,0,2,-1,-1,0,9,0.2022892604,4,1,-1,160
1240,47,1,0,1,66,12,0,0,0,0,25.68796787,128.5,84.5,100.5,65.0988179,0,1,4.39,1.38,0,2,-1,-1,0,6,0.08268672585,2,0,-1,-1
593,41,1,0,2,67,12,0,0,0,0,27.5395456,109,72.5,85,86.89236786,0,0,4.39,0.97,0,2,-1,-1,0,3,0.06192795876,1,0,-1,-1
3428,68,1,0,1,58,10,0,0,0,1,29.74419988,130.5,63.5,91,61.23697459,0,0,5.14,2.14,1,0,2480,6.794520548,1654.014,14,0.2735043439,4,1,747,374
3489,69,0,0,2,51,10,0,0,0,1,26.84061047,109.5,65.5,83.5,67.92657029,0,1,5.16,1.25,1,0,2940,8.054794521,1960.14,14,0.314395286,4,1,426,406
2021,53,1,0,2,62,7,0,0,0,1,24.22145329,137,78.5,100,91.91529755,0,0,5.43,1.3,0,2,-1,-1,0,12,0.1531705694,3,1,-1,-1
3466,69,0,0,1,43,3,0,0,0,1,26.17383255,104,69.5,82,59.00423265,0,0,5.48,1.13,0,2,-1,-1,0,15,0.361648,5,1,229,445
1961,53,0,0,1,32,7,1,0,0,1,25.37584985,113.5,67.5,83,76.12912708,0,0,4.66,1.43,1,0,3870,10.60273973,3120.15,8,0.6760649353,5,1,130,-1
1167,47,0,0,3,108,11,0,0,0,0,21.84415039,129,82.5,97,73.43281675,0,1,6.81,1.36,0,2,-1,-1,0,8,0.07937718852,2,0,-1,-1
433,40,0,0,1,85,7,0,0,1,0,21.72373081,116.5,70,87,91.9159652,0,0,4.32,1.01,0,2,-1,-1,0,9,0.1213901153,3,1,88,171
1912,52,1,0,1,39,11,0,0,1,0,29.76083761,100.5,67,78.5,77.74404153,0,0,5.71,0.79,0,2,-1,-1,0,12,0.1231856497,3,1,-1,-1
3263,66,0,0,0,36,5,1,0,0,1,29.625,143.5,86,110,87.90310321,0,1,5.55,1.67,1,1,1456,3.989041096,2912,16,0.7186930603,5,0,42,-1
2483,57,1,1,1,60,11,0,0,0,0,25.2504757,104,68,80,77.8812081,0,0,5.35,1.17,0,2,-1,-1,0,8,0.1002850639,2,0,687,-1
966,45,1,0,3,66,10,0,0,0,0,25.2503998,98,62,75.5,77.22789311,0,0,6.74,1.82,1,0,867,2.375342466,6936,4,0.05280315519,1,0,858,22
332,39,0,0,2,91,11,0,0,0,0,26.72824061,129,75.5,93.5,87.96636786,0,1,5.77,1.99,0,2,-1,-1,0,3,0.0915468608,2,0,-1,-1
127,37,0,0,2,83,12,0,1,0,0,26.13427971,126,76,96.5,75.73015513,0,0,5.37,0.98,0,2,-1,-1,0,8,0.3038660855,4,0,297,137
2281,55,1,0,1,52,10,0,0,1,0,25.70888469,114,70,84.5,80.4739415,0,0,5,1.85,0,2,-1,-1,0,7,0.1176133563,3,1,-1,-1
2902,61,0,0,3,83,10,0,0,0,1,26.51299949,171.5,93,119,69.64726969,0,1,5.33,1.33,0,2,-1,-1,0,15,0.2385029242,4,0,-1,-1
4026,79,0,0,0,19,9,0,0,0,1,25.2825699,170,71,97.5,72.91195492,0,0,4.31,1.26,0,2,-1,-1,0,21,0.3575346984,5,0,-1,829
32,36,0,0,3,134,12,0,0,0,0,25.20775623,123,62,84.5,73.18984888,0,1,3.88,0.9,1,0,1822,4.991780822,2428.726,5,0.06921028052,1,0,455,-1
3232,65,1,0,1,33,10,0,0,1,1,24.72946161,157.5,83.5,115,51.62383247,0,1,4.29,1.37,1,0,723,1.980821918,723,17,0.2722978104,4,1,728,594
3907,76,0,0,3,57,12,0,0,0,0,22.09680791,127.5,71,92.5,78.49950406,0,0,4.77,1.38,0,2,-1,-1,0,15,0.1430791077,3,1,583,-1
2126,54,1,0,0,31,,0,0,1,0,26.64647413,110,64,83,93.33135133,0,1,6.34,1.3,0,2,-1,-1,0,10,0.09738104365,2,0,599,-1
251,38,0,0,1,51,9,0,0,0,0,26.5831758,129,71.5,88,89.14816878,0,0,5.44,1.64,0,2,-1,-1,0,3,0.1100223544,3,0,-1,-1
3939,76,1,0,0,45,11,0,1,,1,25.02916933,143.5,66,98.5,58.24663201,0,1,6.78,1.58,0,2,-1,-1,0,,,,0,-1,-1
1503,49,1,0,3,89,12,0,0,0,0,24.03440715,138.5,74.5,100.5,74.72144448,0,0,5.92,1.9,0,2,-1,-1,0,,0.05557253149,1,1,-1,-1
3213,65,1,0,1,87,9,0,0,0,0,21.70792339,109.5,76,88.5,72.82329128,0,0,6.57,2.08,0,2,-1,-1,0,9,0.1072716043,3,0,-1,-1
3435,68,1,0,1,39,11,0,0,0,1,27.04164413,143,70.5,101.5,48.82190034,1,2,5.44,1.2,0,2,-1,-1,0,18,0.3683742512,5,1,747,644
2135,54,1,0,1,27,11,0,0,0,0,34.88985354,135,74.5,99,80.77425585,0,0,4.61,1.33,0,2,-1,-1,0,9,0.121781972,3,0,-1,168
3711,72,0,0,0,44,12,0,1,0,1,39.24434118,137,77.5,99,63.58310925,1,2,3.48,0.87,1,,1699,4.654794521,3588.095,23,0.847736481,5,0,66,864
3684,72,0,0,1,42,9,1,0,0,1,25.89271003,133.5,69,94.5,68.96428626,0,0,3.9,1.04,1,0,2368,6.487671233,1579.98,18,0.7647980688,5,0,261,-1
1633,50,1,0,1,39,10,0,0,1,0,31.83504807,130.5,74,96.5,84.92302307,0,1,6.75,1.02,0,2,-1,-1,0,16,0.1249765471,3,0,-1,-1
713,42,1,0,1,28,9,0,0,1,0,26.94397239,126,71.5,88,73.63963468,0,0,5.36,1.47,0,2,-1,-1,0,9,0.09351223937,2,1,-1,-1
2328,56,0,0,1,40,12,1,0,0,1,25.64024297,132.5,75,93,80.24187223,0,0,4.09,1.56,1,,1629,4.463013699,3117.93,11,0.6923615304,5,0,144,-1
2190,55,0,0,2,74,11,0,0,0,0,25.7455838,120.5,80.5,94.5,75.55883021,0,0,6.45,1.4,0,2,-1,-1,0,10,0.1230830622,3,1,-1,-1
4068,80,0,0,1,68,12,0,1,0,1,27.16049383,156.5,74,104.5,41.93835697,1,2,4.18,0.88,1,0,1864,5.106849315,1641.424,26,0.8526345487,5,1,294,886
2409,57,0,0,1,57,8,1,0,1,1,24.59321113,91.5,69,77,78.91796542,0,0,3.92,0.6,1,0,210,0.5753424658,840,16,0.7335959101,5,0,148,-1
2297,56,0,0,3,46,12,0,0,0,1,25.94548396,136,82,98.5,71.71096709,0,1,6.21,1.03,1,1,1448,3.967123288,2896,16,0.2157856588,4,1,506,523
2873,61,0,0,3,84,7,0,0,0,0,24.59321113,134,83,99,62.25805106,0,1,7.72,1.64,0,2,-1,-1,0,14,0.1136644314,3,1,-1,-1
3949,77,0,0,2,27,11,0,0,1,0,21.92810713,110.5,59,78.5,99.86664491,1,2,4.26,1.46,0,2,-1,-1,0,17,0.2988164358,4,0,-1,-1
3418,68,0,0,1,25,8,0,0,0,1,30.12759924,147,87.5,108.5,58.39655481,0,1,6.74,1.21,0,2,-1,-1,0,17,0.3838012238,5,0,228,612
2417,57,0,0,2,54,8,0,1,0,1,31.30731041,154,89.5,112,87.98220912,1,2,4.09,1.03,1,1,273,0.7479452055,546,18,0.75565858,5,0,356,684
3347,67,0,0,1,29,1,1,1,0,1,26.34397937,103.5,58.5,71,65.99589135,1,2,4.79,1.03,0,2,-1,-1,0,17,0.9579695971,5,1,219,-1
2173,54,1,0,1,57,11,0,0,1,1,27.08415907,109.5,66.5,80,71.04098292,0,0,5.53,1.4,0,2,-1,-1,0,11,0.2384904438,4,1,680,245
3941,76,1,0,0,73,10,0,1,0,1,30.48668503,117,61,83,65.28690367,0,1,3.87,1.06,1,0,660,1.808219178,1320,20,0.6311735122,5,1,639,779
3541,70,0,0,2,35,7,0,0,0,1,33.83446647,188.5,90,125.5,75.69436914,1,2,6.61,0.71,0,2,-1,-1,0,24,0.4920710325,5,0,427,-1
2660,59,0,0,2,51,12,1,1,0,1,39.32461534,121.5,71.5,90.5,83.77647906,0,1,2.23,0.85,1,0,1857,5.087671233,7428,17,0.9297062032,5,1,368,-1
2863,60,1,0,2,63,11,1,0,1,0,26.83436624,117.5,70.5,86,52.46950298,0,0,5.1,1.23,1,1,1672,4.580821918,2755.5,10,0.3983699043,5,1,826,-1
1049,46,0,0,3,94,11,0,0,0,0,23.17354839,106,69.5,81,75.53059446,0,0,4.86,1.57,0,2,-1,-1,0,3,0.08062181635,2,0,-1,-1
1495,49,1,0,1,55,10,1,0,1,1,36.96082914,114.5,64.5,86.5,82.38328299,1,2,4.78,1.46,1,0,1110,3.04109589,1719.75,7,0.7730189848,5,0,662,-1
3455,68,1,0,3,47,10,0,0,0,0,25.91068435,138.5,72,99,62.98571359,0,0,4.8,1.54,1,0,2610,7.150684932,2500.11,11,0.08713448287,2,0,898,221
1824,52,0,0,3,100,11,0,0,0,0,25.46296296,115.5,76.5,90,81.45815026,1,2,8.56,1.69,1,1,1448,3.967123288,2896,8,0.1527855428,3,0,490,121
2149,54,1,0,3,96,12,0,0,1,0,21.58004194,97.5,55,69.5,74.42183839,0,0,7.42,1.66,0,2,-1,-1,0,10,0.07025626397,1,1,-1,-1
1609,50,1,0,3,63,11,0,0,0,0,29.37239738,106,70,85,86.43312321,0,0,4.57,1.4,0,2,-1,-1,0,4,0.06586671956,1,0,-1,-1
3723,72,1,0,1,35,9,0,0,0,1,23.83432142,129.5,64.5,97.5,48.81616549,0,1,6.72,1.88,0,2,-1,-1,0,16,0.2569022303,4,1,-1,-1
2703,59,1,0,1,32,10,0,0,0,1,26.43807082,112,65.5,85.5,75.74046668,0,0,5.09,1.33,1,,1436,3.934246575,2909.99,7,0.2179279099,4,0,696,87
1486,49,1,0,1,59,6,0,0,1,0,32.45006992,110.5,67,86.5,75.90432506,0,0,6.07,2.81,0,2,-1,-1,0,6,0.1245088389,3,0,-1,-1
2229,55,1,0,1,45,10,0,0,0,1,33.86593264,121.5,73.5,92,80.4739415,0,1,4.87,1.26,0,2,-1,-1,0,8,0.2409408156,4,0,681,116
282,38,1,0,2,106,8,0,0,0,0,24.76758886,112,70.5,84.5,88.24308544,0,1,5.11,1.87,0,2,-1,-1,0,-2,0.05377412195,1,0,-1,-1
1725,51,1,0,0,33,8,0,1,1,0,37.26147013,134.5,69,90,90.91304159,0,1,3.71,0.78,1,0,1890,5.178082192,6880.86,17,0.3891935834,5,1,598,612
2502,57,1,0,2,22,9,0,0,0,0,24.53266121,110.5,75.5,88,64.36463479,0,0,5.02,1.76,0,2,-1,-1,0,4,0.07968956126,2,1,-1,-1
675,42,1,0,3,66,10,0,0,0,0,43.12764536,121,71,87.5,94.56780909,0,0,5.97,1.4,0,2,-1,-1,0,3,0.08135125677,2,0,-1,-1
1417,49,0,0,2,75,9,0,0,0,0,24.95864839,121.5,72,85.5,66.50863296,0,0,5.53,1.54,0,2,-1,-1,0,7,0.1069686656,2,1,-1,-1
1344,48,1,0,1,60,10,0,0,0,0,35.37701084,125,69.5,89,73.88111204,0,0,4.61,1.93,0,2,-1,-1,0,1,0.1094477704,3,1,-1,-1
3394,68,0,0,2,31,9,0,0,,1,24.02577901,149,88,108,94.22189804,1,2,4.64,1.84,0,2,-1,-1,0,,,,0,417,-1
3551,70,0,0,1,24,9,0,0,0,1,31.39803397,147.5,93,113,51.61895632,0,1,4.71,1.31,0,2,-1,-1,0,18,0.4035510935,5,0,241,-1
264,38,1,0,3,103,11,0,0,0,0,28.3795289,116,72.5,88.5,83.89178548,0,0,4.75,1.09,1,0,2047,5.608219178,1573.255,1,0.0496508569,1,0,852,8
3612,71,0,0,1,45,11,0,1,0,1,30.29920465,131.5,80,95.5,61.68539936,1,2,3.22,1.57,1,,1945,5.328767123,3890,18,0.8383172047,5,0,250,694
2376,56,1,0,2,40,9,0,0,1,0,27.36455464,114,66,87,82.99160948,0,1,5.75,1.38,0,2,-1,-1,0,10,0.1020373967,2,0,-1,-1
922,45,0,0,1,90,11,0,0,0,0,23.77717391,106.5,68.5,81.5,87.31119492,0,1,4.3,1.3,0,2,-1,-1,0,4,0.1175282448,3,1,-1,-1
852,44,0,0,2,91,1,0,0,0,0,27.71478962,124,62.5,80.5,68.72561482,0,0,5.82,0.95,0,2,-1,-1,0,6,0.1040542026,2,0,-1,-1
2494,57,1,0,2,57,11,0,0,0,0,24.72518293,116.5,64.5,86,92.31258053,0,1,6.63,1.48,0,2,-1,-1,0,8,0.08010947688,2,0,-1,-1
3469,69,0,0,2,53,10,0,0,1,1,31.24605479,167,74.5,105.5,64.13482185,1,2,4.7,0.9,0,2,-1,-1,0,24,0.5198020173,5,0,420,870
38,36,0,0,3,71,7,0,0,0,0,19.77261493,102,58,70.5,95.22623025,0,0,4.74,1.63,0,2,-1,-1,0,,0.05951655696,1,0,-1,-1
1229,47,1,0,1,105,11,0,0,0,0,27.06763924,105.5,70,83,59.35339455,0,0,7.63,1.49,0,2,-1,-1,0,6,0.08584503019,2,1,-1,-1
3733,72,1,0,1,32,10,0,0,0,0,27.38200637,131.5,77.5,96.5,73.68464763,0,1,4.21,1.48,0,2,-1,-1,0,11,0.142722732,3,0,763,224
3706,72,0,0,2,56,11,1,0,1,0,25.0995016,135.5,66.5,89,80.45750586,1,2,4.54,1.59,1,0,315,0.8630136986,630,18,0.6935208521,5,1,435,-1
2979,62,0,0,3,104,6,0,0,0,0,25.84083012,102.5,66.5,78.5,71.95428089,0,1,5.01,0.85,0,2,-1,-1,0,12,0.119802839,3,0,544,302
1276,47,1,0,3,71,10,0,0,1,0,22.00398597,118.5,78,92.5,76.54916574,0,1,3.93,1.76,0,2,-1,-1,0,3,0.06134711388,1,0,-1,-1
1990,53,1,0,3,81,10,0,0,0,0,22.83737024,107,63,80,90.20589753,0,0,4.48,1.37,0,2,-1,-1,0,4,0.05850915906,1,0,-1,-1
2174,54,1,1,0,31,4,0,1,0,1,35.70124549,156,86.5,115,62.6197885,0,0,5.72,1.12,1,0,15,0.04109589041,30,21,0.5489146438,5,0,600,-1
1409,49,0,0,1,54,9,1,0,0,1,33.90778166,154,79,112.5,75.47486518,1,2,4.16,0.86,1,,690,1.890410959,1740,13,0.8048137403,5,1,100,-1
3353,67,1,0,1,62,11,0,0,1,0,31.38273409,132.5,66,87.5,62.28690049,0,1,8.77,0.87,1,0,15,0.04109589041,60,17,0.1712889752,3,0,743,573
1770,51,1,0,3,121,8,0,0,0,0,24.23668639,111.5,57.5,76,75.290396,0,0,5.1,1.26,0,2,-1,-1,0,5,0.05831416568,1,0,-1,-1
459,40,0,0,2,82,12,0,0,,0,25.76298058,138.5,85.5,102.5,97.30909818,0,0,4.37,1.28,0,2,-1,-1,0,,,,1,-1,-1
3185,65,0,0,1,25,8,0,0,0,0,26.78549687,120.5,73,89.5,86.90483662,0,0,3.6,1.34,0,2,-1,-1,0,11,0.1860056299,4,1,205,227
911,44,1,0,2,87,10,0,0,0,0,23.70110632,112.5,65.5,84.5,77.58101081,0,0,4.86,1.34,0,2,-1,-1,0,1,0.05929273278,1,0,-1,-1
2875,61,0,0,0,54,8,0,0,0,0,32.19290494,134,83.5,104,76.84136761,0,0,5.04,1.2,1,1,1385,3.794520548,2770,10,0.1648472976,3,0,27,186
220,38,0,0,2,71,11,0,0,1,0,28.02482199,110,66,81.5,82.47123379,0,0,5.54,1.09,0,2,-1,-1,0,,0.1121804092,3,1,-1,-1
2055,54,0,0,2,91,10,0,0,0,0,21.73650525,106,64.5,77,79.78891192,0,0,4.16,1.34,0,2,-1,-1,0,6,0.1086089591,3,0,-1,-1
3555,70,0,0,1,46,10,0,0,0,1,26.40998596,125,79,94,71.94886536,0,0,3.7,1.15,1,0,374,1.024657534,498.542,17,0.3684944293,5,1,240,605
3994,78,0,0,0,44,9,1,0,0,1,26.84061047,142.5,74.5,98,75.21866229,0,0,4.18,0.88,1,0,1830,5.01369863,1939.665,20,0.7550534007,5,0,79,-1
1373,48,1,0,3,114,12,0,0,0,1,24.28126462,141,83.5,101,81.34625299,0,0,5.14,1.41,0,2,-1,-1,0,7,0.1179368158,3,1,-1,-1
3292,66,1,0,0,30,10,0,0,1,1,36.4019122,135.5,65,95.5,60.76332752,0,1,6.26,1.48,0,2,-1,-1,0,19,0.3034586633,4,0,-1,723
201,38,0,0,3,102,11,0,0,0,0,27.61889069,117,53.5,78,70.80166273,0,1,4.58,1.17,0,2,-1,-1,0,1,0.07710935549,2,0,-1,-1
1530,50,0,0,2,52,11,0,0,0,0,24.67666953,131,76.5,95,74.26288754,0,0,6.65,1.42,0,2,-1,-1,0,10,0.1083293324,3,0,-1,-1
372,39,1,0,1,70,10,0,0,0,0,23.80869017,104.5,60,74.5,78.26524479,0,0,4.8,1.38,0,2,-1,-1,0,,0.06645939152,1,0,-1,-1
1098,46,1,0,1,54,11,0,0,1,0,21.67125803,99.5,64,74.5,96.41922744,0,1,5.56,1.51,0,2,-1,-1,0,7,0.08804053756,2,0,-1,-1
132,37,0,0,2,74,10,0,0,0,0,29.19412649,123,66.5,85.5,75.31011384,0,1,5.21,1.26,0,2,-1,-1,0,,0.09391069804,2,0,-1,-1
2472,57,0,0,1,72,4,0,0,1,0,29.94886779,122.5,76.5,92,74.0925476,0,1,2.53,0.65,0,2,-1,-1,0,,0.2054987518,4,0,149,-1
3652,71,0,0,1,36,8,0,0,0,0,21.41422495,116,57.5,81,72.64289057,0,0,6.16,1.89,0,2,-1,-1,0,12,0.1823730525,4,1,254,300
1732,51,1,0,3,97,11,0,0,0,1,23.08710406,156.5,101,119,68.72880384,0,1,5.84,1.7,0,2,-1,-1,0,13,0.1213239902,3,0,-1,-1
3299,66,1,0,0,19,9,0,0,0,0,24.31412397,113.5,70,90.5,64.28384499,0,1,5.59,2.57,0,2,-1,-1,0,8,0.09658210703,2,1,-1,-1
1488,49,1,0,2,113,9,0,0,0,0,28.53233179,126,68.5,87,74.72144448,1,2,4.91,1.44,0,2,-1,-1,0,5,0.1202300643,3,0,804,37
2576,58,0,0,2,65,10,1,0,0,1,29.2184076,117,65,80.5,63.57770837,0,0,3.73,1.22,1,0,480,1.315068493,960,12,0.6750666049,5,1,360,-1
268,38,1,0,3,105,10,0,0,0,0,24.64959328,117.5,61.5,85.5,78.67902927,0,0,4.64,1.48,0,2,-1,-1,0,2,0.04468183205,1,1,-1,-1
170,37,1,0,0,27,7,0,0,0,0,34.02034615,107.5,62,81,76.70787378,1,2,6.09,1.53,0,2,-1,-1,0,1,0.1107293253,3,0,-1,-1
2905,61,0,0,2,44,11,0,0,1,0,23.5388273,125.5,79,96.5,74.91634921,0,0,5.96,1.21,0,2,-1,-1,0,15,0.1566265792,3,0,381,-1
3962,77,0,0,1,44,11,1,0,0,1,24.79423142,165.5,101.5,123.5,58.13818868,1,2,6.26,1.06,0,2,-1,-1,0,23,0.8553421911,5,0,282,-1
2120,54,1,0,1,59,8,0,0,1,0,25.63691716,109.5,64,79,79.42433568,0,0,5.79,1.82,0,2,-1,-1,0,8,0.1150775453,3,1,-1,-1
305,39,0,2,2,72,10,0,0,0,0,26.73201158,108,65,84,70.42930647,0,1,8.58,1.54,0,2,-1,-1,0,3,0.09155616593,2,0,-1,-1
1613,50,1,0,3,79,12,0,0,1,0,22.12973973,108,61.5,79,54.447851,0,0,5.33,1.71,0,2,-1,-1,0,8,0.06558497855,1,1,-1,-1
1083,46,0,0,2,100,10,0,0,0,0,30.24631076,128.5,82.5,97.5,70.42570964,0,1,9.22,1.74,0,2,-1,-1,0,8,0.1158020826,3,0,-1,-1
1739,51,1,0,2,54,11,0,0,0,0,30.11099051,122.5,66,85,80.35127611,0,0,5.23,1.17,0,2,-1,-1,0,7,0.0819416227,2,1,-1,-1
1608,50,1,0,3,85,8,0,0,0,1,25.35154137,115,81.5,93.5,45.65029231,1,2,6.56,2.35,0,2,-1,-1,0,8,0.1950696353,4,0,-1,136
2667,59,0,0,1,76,8,1,0,0,0,34.81611682,121,77.5,97,105.1338723,0,1,4.57,1.14,1,1,1422,3.895890411,2844,10,0.5781133083,5,0,163,-1
993,45,1,0,3,60,10,0,0,0,0,21.6796875,122.5,75,94,107.0851672,0,1,4.05,1.67,0,2,-1,-1,0,3,0.04774876673,1,0,-1,-1
3259,66,0,0,2,91,8,0,0,0,1,22.79032897,114.5,64,81,65.44909606,0,0,7.24,1.32,0,2,-1,-1,0,17,0.2753968775,4,1,407,-1
43,36,0,0,2,104,11,0,0,0,1,33.49726193,141,78,102,74.01873592,0,1,6.11,1.29,0,2,-1,-1,0,7,0.2098760975,4,0,296,88
3076,63,0,0,3,72,10,0,0,0,1,24.09297052,178.5,90.5,120,76.33978117,0,0,7.12,0.97,0,2,-1,-1,0,20,0.233680749,4,0,549,-1
1731,51,1,0,3,103,11,0,0,0,1,22.40587695,152,93,114,64.02833697,0,1,6,1.76,0,2,-1,-1,0,12,0.1191858054,3,1,-1,-1
2997,62,0,0,2,73,10,0,0,1,0,28.99012666,134.5,83.5,102.5,87.74246798,0,0,5.27,1.53,1,,1517,4.156164384,2899,17,0.1825330035,4,0,380,587
2872,61,0,0,3,74,9,0,0,0,1,24.48979592,144,90,106.5,86.7791719,0,0,5.35,1.86,0,2,-1,-1,0,13,0.2277725992,4,1,-1,-1
1754,51,1,0,1,82,10,0,0,0,1,26.90828759,111.5,62.5,78,69.00564512,0,1,4.82,1.78,0,2,-1,-1,0,5,0.1909145322,4,1,667,-1
2656,59,0,0,1,33,11,0,0,0,1,33.49295235,130.5,87.5,104.5,86.13963782,1,2,5.63,1.12,0,2,-1,-1,0,15,0.4853851177,5,0,167,-1
3233,65,1,0,1,86,9,0,0,0,0,32.65306122,135,84,102,75.23052566,0,0,4.18,1.44,1,1,345,0.9452054795,345,12,0.142560217,3,0,726,283
3895,75,1,0,1,73,9,0,0,0,1,24.1671624,150,72.5,100,68.53582212,0,0,6.48,1.51,0,2,-1,-1,0,19,0.2719672581,4,1,779,-1
4069,80,0,0,1,43,10,0,0,0,1,25.61518435,141,75.5,99,66.70224965,1,2,5.37,1.18,0,2,-1,-1,0,21,0.5451135264,5,0,294,801
3951,77,0,0,0,11,3,0,1,0,1,26.87854442,152.5,78,106.5,90.46151825,1,2,2.7,0.51,1,1,802,2.197260274,1604,24,0.8119498583,5,0,78,870
1435,49,0,0,0,27,10,0,0,1,0,22.75555556,107,67.5,82,90.72514141,0,0,3.94,1.42,1,1,1410,3.863013699,2820,7,0.1231785867,3,0,8,95
2056,54,0,0,3,77,9,0,0,0,0,24.85836513,136,86.5,103,83.01041088,0,1,5.75,1.67,0,2,-1,-1,0,9,0.09941922561,2,0,-1,-1
1827,52,0,0,1,119,10,0,0,0,1,29.23976608,139,83.5,104.5,117.6500254,0,1,4.58,1.22,1,0,810,2.219178082,1620,13,0.2972808523,4,1,118,350
81,36,1,0,2,109,12,0,0,0,0,27.91438494,121.5,60,80.5,73.7642827,0,0,6.52,1.53,0,2,-1,-1,0,2,0.05628542017,1,1,-1,-1
3922,76,0,0,1,37,0,0,0,0,0,24.05693475,125.5,69,90,65.07184115,0,0,4.65,1.16,1,0,3105,8.506849315,2190.27,17,0.2126055487,4,0,280,591
90,36,1,0,3,136,11,0,0,0,0,23.51020408,110.5,60.5,81,69.67606697,0,0,5.74,1.84,0,2,-1,-1,0,0,0.0414337139,1,1,-1,-1
3732,72,1,0,1,80,10,0,0,0,0,33.26706966,121.5,78,98,60.53053867,0,1,5.82,1.63,1,0,990,2.712328767,1319.67,12,0.1654459027,3,0,762,-1
1057,46,0,0,2,120,11,0,0,0,0,25.76721894,140,79.5,98.5,72.05405293,1,2,7.68,1.32,0,2,-1,-1,0,11,0.1614079733,3,0,-1,-1
2521,57,1,0,3,66,10,0,0,0,0,26.83864765,114,69,85,75.06017024,0,0,4.97,1.27,0,2,-1,-1,0,6,0.07113105212,1,1,-1,-1
1977,53,0,0,1,44,12,0,0,1,1,23.38190178,155.5,85.5,112.5,75.19502741,1,2,4.36,1.43,1,0,1305,3.575342466,3480.435,16,0.4296321501,5,0,127,509
1540,50,0,0,3,99,9,0,0,1,0,25.82097955,131,86,100.5,72.51621728,0,1,4.66,1.33,0,2,-1,-1,0,13,0.1135518256,3,1,479,355
2259,55,1,0,3,90,11,0,0,0,0,25.029761,120,73.5,89.5,61.3647227,0,0,4.37,1.11,1,1,1433,3.926027397,2866,7,0.06487769817,1,0,880,106
2803,60,0,0,2,62,12,0,0,0,0,29.04657027,137.5,81,100.5,73.32505876,0,0,6.07,1.13,1,1,703,1.926027397,1406,16,0.1476740789,3,1,371,-1
2336,56,0,0,3,45,9,1,0,0,0,28.07504294,128.5,80,95,71.71096709,0,0,4.36,0.97,0,2,-1,-1,0,,0.4073182214,5,0,511,-1
648,42,0,0,3,46,12,1,0,0,0,28.10672288,109,60,74.5,82.88910232,0,0,4.63,1.15,0,2,-1,-1,0,5,0.3341320297,5,1,464,-1
3663,71,1,0,0,50,10,0,0,0,1,35.7421875,154,67,94,83.45168876,0,0,5.25,1.66,0,2,-1,-1,0,16,0.2792680049,4,1,632,550
2858,60,1,0,1,51,10,0,0,0,0,28.25698989,98,56,73.5,61.95042124,0,1,5.25,1.38,0,2,-1,-1,0,8,0.1153452004,3,0,-1,-1
1298,48,0,0,1,65,10,0,0,1,0,27.25586102,131,74.5,93.5,59.593741,0,0,6.69,1.23,0,2,-1,-1,0,14,0.1631531922,3,1,-1,-1
2484,57,1,0,3,74,11,0,0,0,0,24.9150811,110.5,59,76,65.28279916,0,0,7.78,1.86,0,2,-1,-1,0,8,0.06745138985,1,1,-1,-1
2195,55,0,0,3,85,11,0,0,1,0,21.56575521,117.5,72.5,89,87.37604318,1,2,4.48,0.88,0,2,-1,-1,0,15,0.1749912809,4,0,504,464
2529,57,1,0,2,42,11,0,0,1,0,25.4374398,106,75,85.5,67.1943776,0,0,4.95,1.16,0,2,-1,-1,0,10,0.09890651905,2,0,820,-1
204,38,0,0,2,80,11,0,0,0,0,27.31529657,116.5,66.5,86.5,84.59037926,0,0,4.77,1.54,0,2,-1,-1,0,2,0.09112248057,2,1,-1,-1
3697,72,0,0,2,60,5,0,0,0,1,31.28092183,159,78,110.5,74.2982433,1,2,5.15,1.04,1,0,630,1.726027397,839.79,20,0.4844005522,5,0,436,780
3808,74,0,0,0,32,8,0,0,1,1,22.58324288,141,66.5,93.5,103.8768594,0,1,5.18,1.77,0,2,-1,-1,0,20,0.361576875,5,0,73,-1
212,38,0,0,3,126,12,0,0,1,0,23.44816924,120,68.5,83.5,83.97162781,0,0,5.57,1.28,0,2,-1,-1,0,6,0.08349866706,2,1,-1,-1
1165,47,0,0,1,41,12,0,0,0,1,27.1177686,141.5,88.5,108.5,73.43281675,1,2,5.87,1.1,0,2,-1,-1,0,13,0.3733218027,5,1,95,319
4084,81,0,0,2,25,1,1,0,0,1,28.22936358,159,83.5,120.5,64.23560151,1,2,4.6,1.4,1,0,2550,6.98630137,1700.04,20,0.8504273647,5,1,453,-1
137,37,0,0,3,102,11,0,0,0,0,27.02683067,125.5,75.5,92,71.97667189,0,0,7.02,1.52,0,2,-1,-1,0,,0.07430387822,1,0,-1,-1
1954,53,0,0,2,49,9,0,0,0,0,26.21641022,115.5,72,86.5,60.18466799,0,1,5.19,1.23,0,2,-1,-1,0,10,0.1197662451,3,0,-1,-1
2899,61,0,0,1,85,9,0,0,0,1,29.58554137,145,83,100.5,78.86081594,0,0,5.68,1.72,0,2,-1,-1,0,12,0.3436110238,5,0,-1,296
2598,58,1,0,2,76,12,0,1,0,1,24.74093729,114.5,70,88,52.83184427,0,1,3.84,1.83,1,1,2157,5.909589041,4314,9,0.4866884445,5,0,824,-1
537,41,0,0,1,54,10,0,0,1,0,26.83600808,123.5,81.5,95.5,92.7450793,0,0,4.06,1.12,0,2,-1,-1,0,11,0.1412284436,3,1,-1,-1
1468,49,1,0,1,69,11,0,1,0,1,37.06122449,126.5,67,90,77.12264404,0,1,3.35,1.26,1,0,750,2.054794521,1359.93,12,0.5843627412,5,0,661,308
3921,76,0,0,3,53,11,1,1,0,1,36.08540212,131.5,70.5,88,64.32872217,1,2,2.53,0.91,1,0,1219,3.339726027,4876,21,0.9606727998,5,1,585,-1
3059,63,0,0,0,44,4,0,0,0,0,23.8782922,129,74,90.5,79.38648971,0,0,5.91,1.48,0,2,-1,-1,0,12,0.1389282766,3,1,35,-1
794,43,1,0,3,79,10,0,0,0,0,25.21735858,106,59,76.5,71.15106987,0,0,6.03,1.76,0,2,-1,-1,0,2,0.05054721099,1,1,-1,-1
3335,67,0,0,0,47,10,0,1,0,1,30.0838291,114.5,69,90,77.37310718,0,0,8.58,1.83,0,2,-1,-1,0,17,0.6930929844,5,0,48,578
677,42,1,0,2,64,12,0,0,1,0,25.43268596,108.5,65.5,79.5,75.91118814,0,1,4.84,1.82,0,2,-1,-1,0,3,0.07259205876,1,1,-1,-1
2091,54,0,0,1,32,8,0,0,1,0,27.32053821,140,79.5,96.5,68.17028952,0,1,6.52,1.27,0,2,-1,-1,0,17,0.1827468132,4,0,-1,-1
3067,63,0,0,3,68,9,1,0,0,1,26.42356982,145.5,65,93,68.38650976,1,2,4.24,2.18,0,2,-1,-1,0,12,0.7479176879,5,1,547,-1
1374,48,1,0,2,87,10,0,0,0,0,24.45196813,100.5,61.5,75,67.60041968,1,2,5.1,2.51,0,2,-1,-1,0,1,0.1058505487,2,0,-1,-1
3749,73,0,0,2,63,7,0,0,0,0,28.78013148,137.5,73,98,81.34944413,0,1,6.35,1.03,1,1,14,0.03835616438,28,19,0.1872521298,4,0,438,-1
1299,48,0,0,1,69,12,0,0,0,1,27.58057821,144,69.5,94.5,67.52235111,0,0,4.42,1.38,0,2,-1,-1,0,8,0.2690141695,4,1,-1,-1
1141,46,1,0,2,91,12,0,0,,0,21.74203609,93,53.5,66.5,91.13826038,0,0,4.42,1.56,0,2,-1,-1,0,,,,1,-1,-1
2198,55,0,0,3,110,10,0,0,0,0,25.63670096,109.5,74,86.5,106.6429114,0,0,5.36,1.55,0,2,-1,-1,0,9,0.1035794252,2,1,-1,-1
1908,52,1,0,3,87,8,0,0,1,0,18.37682515,109,70.5,83,87.29631885,1,2,4.82,1.23,0,2,-1,-1,0,8,0.09930613681,2,0,-1,-1
117,37,0,0,1,57,1,0,0,0,0,33.26214068,127,74.5,92,78.9437573,0,0,5.29,1.23,0,2,-1,-1,0,4,0.1284330365,3,0,-1,-1
68,36,1,0,1,71,10,0,0,0,0,22.98539751,126,76.5,94.5,107.5208285,0,1,4.8,2.04,0,2,-1,-1,0,1,0.06097304541,1,0,646,-1
1587,50,1,0,3,42,11,0,0,0,0,28.85768652,109,63,84,69.00564512,0,0,5.74,1.98,0,2,-1,-1,0,5,0.06493332795,1,1,-1,-1
3179,65,0,0,3,69,8,0,0,0,0,28.72737719,132,78,96,82.14547608,0,1,4.92,1.33,1,0,915,2.506849315,1219.695,12,0.1369254107,3,0,554,287
1627,50,1,0,3,61,8,0,0,1,0,26.76977989,104.5,67,80.5,80.67493299,0,1,5.35,1.91,0,2,-1,-1,0,8,0.07454321747,1,1,-1,-1
3042,62,1,0,1,116,,0,0,0,0,20.51913409,95.5,59.5,72,92.52839297,0,1,7.15,1.57,0,2,-1,-1,0,8,0.09781150261,2,1,-1,-1
715,42,1,0,2,37,11,0,0,1,0,20.54988662,113,76,88.5,71.84232989,0,0,4.81,1.15,0,2,-1,-1,0,6,0.06342294669,1,0,-1,-1
1499,49,1,0,2,81,12,0,0,0,0,21.96712018,104,59.5,79,74.72144448,0,0,6.17,2.03,0,2,-1,-1,0,3,0.06280029481,1,1,-1,-1
1461,49,1,0,3,112,11,0,0,0,0,25.55932916,99.5,63,74.5,75.90432506,0,0,5.06,1.79,0,2,-1,-1,0,1,0.05799537884,1,1,-1,-1
2466,57,0,0,3,44,12,0,0,0,0,33.38655828,128.5,73.5,92.5,78.91796542,0,0,5.2,1.43,0,2,-1,-1,0,11,0.1320356983,3,1,521,-1
3141,64,1,0,2,52,8,0,0,0,1,26.70362358,137,74,102,73.05285272,0,1,5.36,1.75,0,2,-1,-1,0,15,0.1996531011,4,0,829,465
529,41,0,0,2,90,11,0,0,0,0,27.61356874,127,73,91,74.61762948,0,0,5.75,1.23,0,2,-1,-1,0,7,0.09765432556,2,0,-1,-1
1194,47,0,0,2,53,9,0,0,0,0,27.17311907,125,65.5,83.5,72.57728295,0,1,5.75,1.67,1,1,1431,3.920547945,2862,,0.1089563368,3,0,314,-1
656,42,0,0,2,73,9,0,0,0,0,24.69135802,112,76,88.5,120.6834192,0,0,7.12,1.82,0,2,-1,-1,0,4,0.09214409296,2,1,-1,-1
560,41,0,0,3,130,12,0,0,0,1,27.39800347,142.5,85.5,107,86.61988593,0,1,4.3,1.05,0,2,-1,-1,0,8,0.1700511211,3,1,-1,-1
2799,60,0,0,1,42,6,0,0,0,1,26.42658783,120,74,91,72.43483019,0,0,6.22,1.24,0,2,-1,-1,0,16,0.3178874367,4,1,175,-1
1061,46,0,0,3,82,11,0,0,0,0,24.83564646,111.5,68,84.5,88.11811992,0,0,4.57,1.37,0,2,-1,-1,0,4,0.08435339884,2,1,-1,-1
3724,72,1,0,1,73,9,0,0,0,0,34.31252407,126,73.5,94,71.32687842,0,0,4.79,1.32,1,0,2390,6.547945205,1879.97,11,0.1697731774,3,0,763,245
1099,46,1,2,0,102,11,0,0,0,0,27.85894576,101,64,77,102.3015397,0,0,4.99,1.48,0,2,-1,-1,0,2,0.07035573625,1,1,-1,-1
384,39,1,0,3,87,11,0,0,1,0,22.36470705,109,59,76.5,68.55307187,0,1,3.93,1.51,0,2,-1,-1,0,1,0.05228014143,1,0,-1,-1
3424,68,1,0,0,33,10,0,0,0,1,25.96952909,151,73.5,102,73.33386085,0,0,5.35,1.79,0,2,-1,-1,0,18,0.2132184102,4,1,622,671
684,42,1,0,1,50,8,0,0,0,0,28.71047932,130,81.5,97,67.52948375,0,1,5.47,1.24,0,2,-1,-1,0,7,0.08096038541,2,1,-1,-1
3328,67,0,0,3,107,8,0,1,0,1,27.01178633,137,82,107.5,65.99589135,1,2,4.15,1.03,1,1,535,1.465753425,348,19,0.7380001402,5,1,560,-1
1320,48,0,0,2,118,11,0,0,1,0,23.45679012,120,76.5,92.5,106.5280774,0,0,6.85,2.29,0,2,-1,-1,0,11,0.1214382111,3,0,-1,-1
515,40,1,0,3,39,12,0,0,0,0,25.16069789,109,71,83,81.67434894,0,0,5.91,1.9,0,2,-1,-1,0,2,0.04732425126,1,1,-1,-1
2076,54,0,0,3,90,9,0,0,0,0,26.59555756,127.5,81.5,96.5,98.73593079,1,2,4.96,1.41,0,2,-1,-1,0,9,0.1632484611,3,0,-1,-1
1329,48,0,0,2,84,9,0,0,0,0,29.67442121,127.5,81,99.5,87.3600937,0,1,6.31,1.07,0,2,-1,-1,0,10,0.1187099106,3,0,-1,-1
50,36,0,0,3,102,10,0,0,0,0,24,114,64,82,90.13201682,0,0,4.88,1.12,0,2,-1,-1,0,,0.06693724235,1,1,-1,-1
2880,61,0,0,1,60,9,0,0,0,0,27.06405159,127,82,97,67.26484214,0,0,5.29,0.98,0,2,-1,-1,0,14,0.173928714,4,0,-1,-1
143,37,0,0,3,95,10,0,0,0,0,25.5207356,132,79.5,95.5,100.325956,0,1,5.14,0.9,0,2,-1,-1,0,,0.0712882234,1,1,-1,-1
1669,51,0,0,1,66,8,0,0,1,0,30.64253567,120.5,84.5,96.5,79.68568247,0,0,4.96,0.9,1,0,390,1.068493151,390,13,0.1874173983,4,0,109,315
3461,69,0,0,1,34,4,1,0,1,1,31.40766481,158,90,114.5,41.24088535,1,2,5.31,0.89,1,1,195,0.5342465753,195,22,0.881152821,5,0,229,-1
1326,48,0,2,1,29,10,0,0,0,0,24.19600671,122,76,92.5,79.64995797,0,0,5.6,0.9,0,2,-1,-1,0,10,0.1260847503,3,0,-1,-1
3797,73,1,0,1,37,11,0,0,0,1,25.78125,163.5,84,121.5,71.12743934,0,1,7.68,1.69,0,2,-1,-1,0,21,0.2725273109,4,0,-1,821
2317,56,0,0,3,82,11,0,0,0,0,27.77442338,121,78.5,93,80.24187223,0,0,6.41,1.64,0,2,-1,-1,0,9,0.1118366955,3,1,-1,-1
1756,51,1,0,3,96,11,0,0,0,0,24.02577901,112,70.5,83.5,80.35127611,0,0,5.65,1.77,0,2,-1,-1,0,5,0.05797149607,1,1,-1,-1
845,44,0,0,2,76,11,0,0,1,0,24.69864963,128,71.5,87.5,86.53416421,0,1,5.32,1.16,0,2,-1,-1,0,12,0.11586753,3,0,-1,-1
1406,49,0,0,3,105,11,0,0,0,0,21.10218326,110,71.5,85,94.76510596,0,0,6.22,1.93,0,2,-1,-1,0,5,0.08107788746,2,0,-1,-1
2404,56,1,0,3,58,9,0,0,0,0,22.30814991,130.5,80.5,97.5,81.56326184,0,1,7.04,1.66,0,2,-1,-1,0,10,0.06143397636,1,1,-1,-1
2156,54,1,0,1,106,9,1,0,0,1,29.76083761,110,51,71.5,68.94237317,0,1,4.26,1.5,1,0,2229,6.106849315,4750,6,0.5977936383,5,0,679,-1
1509,49,1,0,3,84,11,0,0,0,0,22.46029315,100,62.5,76.5,82.38328299,0,0,6.78,2.21,0,2,-1,-1,0,4,0.05317165653,1,0,-1,-1
694,42,1,0,3,77,5,0,0,0,0,18.33910035,109.5,66.5,81.5,63.1200773,0,1,5.58,2.08,0,2,-1,-1,0,2,0.04071544053,1,1,-1,-1
541,41,0,0,1,77,12,0,0,1,0,24.48979592,117.5,67.5,83,123.4654891,1,2,5.79,1.65,0,2,-1,-1,0,7,0.2047552671,4,0,-1,92
1680,51,0,0,3,62,9,0,0,0,0,26.28780718,125,71,91.5,85.12072745,0,0,6.79,1.3,0,2,-1,-1,0,10,0.09718715072,2,0,-1,-1
928,45,0,0,3,133,11,0,0,1,0,25.64914246,107.5,78,87.5,70.74063133,0,0,5,1.05,0,2,-1,-1,0,10,0.1022275039,2,1,-1,-1
2890,61,0,0,2,42,8,0,0,1,0,24.75699266,117,77,91,77.83886943,0,1,4.69,1.48,0,2,-1,-1,0,13,0.1614601815,3,0,376,339
3780,73,0,0,3,71,11,1,1,0,1,25.26420928,132,70,89.5,88.71004211,0,0,4.27,0.77,1,1,740,2.02739726,1480,23,0.9079761725,5,1,577,-1
2724,59,1,0,2,55,6,0,0,0,1,27.69928614,129.5,71.5,95,89.93584938,0,0,5.72,1.07,0,2,-1,-1,0,17,0.1867029011,4,0,-1,-1
3377,68,0,0,1,42,10,0,0,0,1,30.69387755,155.5,100,119.5,92.77312384,1,2,5.54,1.47,0,2,-1,-1,0,15,0.5153091539,5,0,220,443
3781,73,0,0,1,48,8,0,0,0,1,24.95874418,146.5,86.5,111,75.05228781,0,0,5.08,1.22,0,2,-1,-1,0,17,0.3742222215,5,0,266,-1
3427,68,1,0,1,50,7,0,0,0,1,27.01691295,134.5,62.5,86,74.54460168,0,0,5.99,1.63,0,2,-1,-1,0,14,0.2577241645,4,0,745,378
899,44,1,2,2,90,12,0,0,0,0,24.8357635,104.5,74,84,76.37200104,0,0,4.42,1.84,0,2,-1,-1,0,0,0.06119851939,1,1,-1,-1
3695,72,0,0,0,34,10,1,0,1,1,25.16213342,116.5,70,87,68.96428626,1,2,3.14,1.51,1,0,2429,6.654794521,4860,17,0.8414369103,5,0,68,-1
2448,57,0,2,1,42,9,0,1,1,0,25.55932916,119,62,88,78.91796542,0,0,6.82,1.04,1,0,720,1.97260274,1440,22,0.5115262834,5,0,151,835
1346,48,1,0,3,105,10,0,0,0,1,23.4375,137,81,101,75.03486266,0,0,4.65,1.52,0,2,-1,-1,0,8,0.1153574219,3,1,861,-1
2251,55,1,0,2,88,8,0,0,0,1,22.44479982,77.5,48,58,92.98435037,0,1,3.81,1.51,1,0,707,1.936986301,2000.25,6,0.1521809377,3,1,816,77
1727,51,1,0,3,108,10,0,0,1,0,22.83737024,96,64,74.5,72.97744413,0,0,6.93,1.9,0,2,-1,-1,0,9,0.06830335426,1,0,-1,-1
1256,47,1,0,2,61,10,0,0,0,0,25.03675698,125,83.5,100,99.83109534,0,1,6.79,1.7,1,1,1439,3.942465753,2878,7,0.06556346321,1,0,800,104
1914,52,1,1,1,21,10,0,0,0,1,22.4054402,147.5,82.5,106.5,66.14596237,0,1,5.6,1.79,0,2,-1,-1,0,9,0.1743446889,4,1,-1,173
1110,46,1,0,3,109,10,0,0,0,0,22.05219018,104.5,66,78,60.64832449,0,0,5.68,2.18,0,2,-1,-1,0,3,0.04929913249,1,1,-1,-1
3384,68,0,0,2,54,4,0,0,0,0,26.14551891,127.5,81,96,68.12817309,1,2,4.3,1.32,1,1,1447,3.964383562,2894,12,0.2421577013,4,0,415,293
2643,58,1,0,3,95,11,0,0,0,0,25.30693205,103.5,66.5,79.5,70.0178889,1,2,3.94,2.03,1,1,1885,5.164383562,3320,3,0.111604295,3,0,887,19
3516,69,1,0,1,84,10,0,0,0,1,38.69927439,124.5,59.5,83.5,54.90287185,0,0,5.26,1.5,0,2,-1,-1,0,14,0.3343233309,5,1,752,-1
2205,55,0,0,1,59,9,0,0,1,0,27.93207928,111.5,69,83.5,110.3263432,0,0,6.26,0.92,0,2,-1,-1,0,16,0.1889001554,4,1,137,-1
3657,71,1,0,1,59,8,0,0,1,0,26.2335558,107.5,71,85,62.43612171,0,1,5.7,1.25,0,2,-1,-1,0,14,0.1625784071,3,1,-1,418
1341,48,1,0,3,92,12,0,0,1,0,21.70792339,106.5,67.5,81,82.72883865,0,0,4.99,1.4,0,2,-1,-1,0,5,0.06214350467,1,1,-1,-1
1203,47,0,0,3,92,11,0,0,0,0,25.92592593,124.5,78,92,78.00869028,0,0,6.83,1.36,1,1,1442,3.950684932,2884,8,0.08868992245,2,0,473,118
470,40,1,0,2,104,9,0,0,0,0,25.79957173,111,67.5,83.5,83.02279109,0,0,5.26,1.38,0,2,-1,-1,0,3,0.05775751113,1,1,-1,-1
2436,57,0,0,3,61,10,0,0,0,0,23.94088443,107.5,71.5,84,74.0925476,0,0,5.08,1.39,1,0,105,0.2876712329,70.035,8,0.1030928306,2,1,520,-1
897,44,1,0,2,77,11,0,0,0,0,25.2503998,112.5,67.5,85,55.87927475,0,0,5.04,1.63,0,2,-1,-1,0,0,0.06190912883,1,1,-1,-1
3028,62,1,0,1,41,11,1,0,0,0,22.32142857,109.5,65.5,84.5,68.04178813,0,1,5.03,1.83,1,0,690,1.890410959,919.77,5,0.3822108051,5,0,713,-1
1868,52,1,0,1,80,12,0,0,0,0,30.84627667,115.5,63,78.5,72.69034266,0,0,3.05,1.32,0,2,-1,-1,0,3,0.1052040953,2,1,669,17
2225,55,0,0,2,100,,0,0,1,0,27.92268718,130.5,80.5,96,70.29799602,0,1,5.34,1,0,2,-1,-1,0,18,0.1559514106,3,1,-1,-1
1304,48,0,0,2,91,10,0,0,0,0,23.35563691,126.5,80,95,80.6724174,0,1,5.74,1.97,0,2,-1,-1,0,6,0.1004552507,2,0,-1,-1
2842,60,1,0,2,68,6,0,0,0,1,27.9296465,138.5,76.5,102.5,67.48347813,1,2,6,1.49,0,2,-1,-1,0,14,0.2840799483,4,0,-1,399
3545,70,0,0,2,71,7,0,0,0,0,33.14891691,117,73,90,75.69436914,1,2,5.59,1.32,0,2,-1,-1,0,13,0.2915144342,4,1,428,330
609,41,1,0,2,115,11,0,0,0,0,19.72318339,105,64,78,80.36621897,0,0,5.57,1.6,0,2,-1,-1,0,,0.04974789799,1,1,-1,-1
1302,48,0,0,1,42,9,0,0,1,0,23.83673469,114,68.5,83,95.16259703,0,1,5.31,0.76,0,2,-1,-1,0,12,0.1497715811,3,0,-1,304
3529,70,0,0,1,35,10,0,1,0,1,28.28282828,143.5,89,108.5,80.91893537,0,1,3.99,1.38,1,0,645,1.767123288,859.785,20,0.7399109336,5,0,243,762
2958,61,1,0,3,66,8,0,0,1,0,24.28097534,104.5,66,81.5,62.60241382,0,0,6.8,2.34,0,2,-1,-1,0,,0.08747126353,2,1,-1,-1
1323,48,0,0,3,92,12,0,0,0,0,23.70242215,120.5,79,93,74.30736886,0,1,6.34,0.91,0,2,-1,-1,0,10,0.0852412161,2,0,-1,-1
2824,60,1,0,1,32,12,0,0,1,1,21.9056051,144,78.5,104.5,80.42888558,0,0,5.18,1.82,0,2,-1,-1,0,14,0.2351545083,4,1,-1,-1
3610,70,1,0,0,24,10,0,0,0,0,25.39719787,108.5,58.5,80,63.70637573,0,0,7.47,1.3,0,2,-1,-1,0,12,0.107788287,3,1,-1,-1
604,41,1,0,2,63,11,0,0,0,0,31.22130395,112,68.5,83.5,81.26597243,0,0,4.16,1.58,0,2,-1,-1,0,0,0.06858566404,1,0,-1,-1
3125,64,0,0,1,47,10,0,0,1,1,28.40818411,166,100.5,125,87.4579367,1,2,6.12,0.86,0,2,-1,-1,0,22,0.5283726263,5,0,196,848
178,37,1,0,3,119,12,0,0,0,0,23.75237731,113,64,84,77.13571105,0,0,6.19,1.56,0,2,-1,-1,0,0,0.04263015571,1,1,-1,-1
2548,58,0,0,3,105,12,0,0,0,0,23.35563691,120.5,79.5,92.5,62.23308221,0,1,5.35,1.13,1,1,1441,3.947945205,2882,11,0.1035715886,2,0,524,228
3883,75,0,0,3,44,11,0,1,0,1,29.76086271,141.5,77.5,99,68.39514997,1,2,5.12,1.31,1,1,1419,3.887671233,2838,20,0.7853986913,5,0,583,782
1533,50,0,0,3,88,8,0,0,0,0,25.87923443,122.5,80.5,95,75.16596533,0,0,4.9,0.84,0,2,-1,-1,0,,0.09418880043,2,0,-1,-1
119,37,0,0,2,78,12,0,0,0,0,23.73530842,129.5,77.5,95,73.60818711,0,0,3.63,0.96,0,2,-1,-1,0,3,0.08100635822,2,1,-1,-1
3231,65,1,0,3,75,12,0,0,0,0,26.4264496,116.5,69.5,87.5,61.80044812,0,1,6.76,1.03,0,2,-1,-1,0,15,0.08306400484,2,0,-1,-1
1659,51,0,0,1,70,10,0,0,0,0,24.55475326,122,75,90.5,81.77988151,0,0,6.31,1.36,0,2,-1,-1,0,10,0.1349605258,3,1,-1,-1
722,43,0,0,3,115,12,0,0,0,0,26.28780718,130,76,93.5,73.89966579,0,0,5.53,1.24,0,2,-1,-1,0,7,0.08247960485,2,0,-1,-1
3354,67,1,0,1,53,10,0,0,0,1,35.26170799,172.5,84.5,118.5,51.92463627,0,1,4.71,1.25,1,0,1261,3.454794521,1979.505,18,0.302431355,4,0,742,-1
1891,52,1,0,0,79,,0,0,1,1,22.66435986,144.5,79,102,81.39546718,0,1,5.74,1.45,0,2,-1,-1,0,14,0.1745245321,4,0,-1,-1
1833,52,0,0,3,77,10,0,0,0,0,22.25097841,106,67.5,80.5,92.26201752,0,0,7.07,1.59,0,2,-1,-1,0,7,0.08898311434,2,1,-1,-1
99,37,0,0,2,59,9,0,0,1,0,21.51948964,120,61.5,85.5,108.903795,0,0,5.36,1.21,0,2,-1,-1,0,6,0.09244014618,2,0,-1,-1
252,38,1,0,3,125,12,0,0,0,0,24.0845784,118,66.5,81,53.11834639,0,0,4.29,2.02,0,2,-1,-1,0,-2,0.04397171437,1,1,-1,-1
838,44,0,0,3,98,10,0,0,1,0,30.11766175,123.5,71.5,88.5,77.1420644,0,0,5.08,0.87,0,2,-1,-1,0,12,0.1127783909,3,0,-1,-1
2315,56,0,0,2,76,11,0,0,0,1,31.08617551,154,96,120,92.23082371,0,1,7.4,1.81,1,1,105,0.2876712329,210,14,0.2795711948,4,0,351,381
4061,80,0,0,0,20,6,1,0,0,1,33.1688574,160.5,80,109,66.70224965,1,2,5.44,0.97,0,2,-1,-1,0,23,0.8672043053,5,0,-1,-1
3791,73,1,0,0,58,12,0,0,0,1,25.31545429,160.5,92,117,65.82285125,0,1,6.43,2.58,0,2,-1,-1,0,15,0.2292793139,4,0,-1,-1
4014,78,1,0,3,78,12,0,0,0,1,20.86111966,155,86,116,63.04930838,0,0,5.47,2.21,0,2,-1,-1,0,17,0.1919078273,4,1,-1,-1
412,40,0,0,2,64,11,0,0,1,0,25.03831986,126.5,69.5,91,79.61574169,0,1,4.91,1.47,0,2,-1,-1,0,9,0.1079161929,3,0,-1,-1
1263,47,1,0,3,69,12,0,0,0,0,23.93898977,106.5,70,82,70.91307155,0,1,7.67,1.07,0,2,-1,-1,0,8,0.05311176794,1,1,-1,-1
3082,63,1,0,1,29,9,0,0,0,1,27.71768524,156,74,105.5,51.95238894,0,0,6.94,1.14,1,0,645,1.767123288,1290,21,0.2405449519,4,1,716,806
640,42,0,2,1,51,8,0,0,1,0,28.56044379,117.5,75,90,118.5749214,0,1,6.07,1.01,0,2,-1,-1,0,10,0.1504046384,3,1,-1,-1
3626,71,0,0,1,47,9,0,0,1,1,23.59700421,176,91.5,120.5,49.61850502,0,1,4.34,1.16,1,0,1102,3.019178082,1104.331,25,0.4038824148,5,0,251,880
784,43,1,0,3,49,12,0,0,0,0,30.85911784,108,66,83,89.12037816,0,0,6.18,1.6,0,2,-1,-1,0,2,0.05921206971,1,1,-1,-1
4081,81,0,0,1,19,8,0,0,0,1,30.81639368,133,73.5,100.5,49.64954605,1,2,5.75,1.22,0,2,-1,-1,0,21,0.5885058493,5,0,-1,-1
478,40,1,0,2,109,4,1,0,0,0,23.93898977,106,55,73,90.90442036,1,2,4.41,1.23,0,2,-1,-1,0,2,0.3449804336,5,0,-1,-1
3061,63,0,0,2,33,9,0,0,0,0,25.01352082,121,76,89.5,70.01669668,0,0,6.21,1.44,0,2,-1,-1,0,13,0.1412404174,3,0,391,-1
1563,50,0,0,2,70,11,0,0,1,0,25.46938776,110,63,76.5,85.46359579,0,0,5.17,0.92,0,2,-1,-1,0,13,0.1330672197,3,1,-1,-1
2932,61,1,0,1,54,10,1,0,1,1,23.9626566,134.5,68.5,94.5,67.25742029,1,2,5.27,1.8,1,1,3579,9.805479452,3580,19,0.7521597151,5,0,706,-1
1823,52,0,0,0,78,6,0,0,0,0,32.5081652,112,74.5,89,76.42407181,1,2,5.71,1.12,0,2,-1,-1,0,9,0.2144816295,4,0,13,-1
2677,59,0,0,3,88,8,0,0,0,0,24.36462928,124,77,94,80.45068977,0,0,6.41,2.18,0,2,-1,-1,0,11,0.1085451421,3,1,-1,-1
2109,54,1,0,2,51,12,0,0,0,0,25.14285714,122,56,77.5,82.16764158,0,1,4.63,1.66,0,2,-1,-1,0,6,0.0761347714,1,0,-1,-1
2496,57,1,0,1,64,8,0,0,1,0,37.64925239,114.5,65,84.5,70.26552561,0,1,5.73,1.46,1,1,1733,4.747945205,3466,10,0.1657701874,3,0,689,190
3855,75,0,0,0,26,2,1,0,0,1,24.31412397,150.5,66.5,93.5,77.65529257,0,1,4.85,1.32,1,0,390,1.068493151,519.87,19,0.7277421404,5,0,75,-1
3882,75,0,0,3,75,12,0,1,0,1,24.609375,152,73.5,101.5,93.82854578,1,2,6.04,1.97,1,0,2234,6.120547945,5878.502,21,0.7585176629,5,0,584,810
637,42,0,0,3,54,10,0,0,0,1,26.97181525,147.5,88.5,108.5,79.81035556,1,2,4.1,1.32,0,2,-1,-1,0,6,0.2577914991,4,0,-1,64
2141,54,1,0,1,44,10,0,0,0,0,27.63605442,109.5,68.5,84,79.42433568,0,1,7.02,1.36,0,2,-1,-1,0,7,0.1005728291,2,0,-1,-1
2101,54,0,0,3,128,12,0,0,1,0,22.79035793,123,73,92,105.2775257,0,0,5.79,1.57,0,2,-1,-1,0,10,0.1135727442,3,1,-1,-1
2900,61,0,0,0,29,2,0,0,1,1,26.49302563,133,80,99.5,92.00371617,0,0,3.88,0.85,0,2,-1,-1,0,20,0.3218182492,4,1,31,-1
229,38,0,0,3,72,8,0,0,1,0,25.50954675,129,76.5,90.5,68.53641879,0,1,5.53,0.91,0,2,-1,-1,0,7,0.08829977132,2,1,-1,-1
3278,66,0,0,2,65,10,0,0,0,0,29.17419946,137.5,81,99,64.71617477,0,1,6.64,1.21,0,2,-1,-1,0,16,0.1660354697,3,0,408,-1
690,42,1,0,3,62,,0,0,0,0,24.12219798,110,70.5,85.5,57.36823982,0,0,4.8,2.31,0,2,-1,-1,0,0,0.04797088764,1,1,-1,-1
1576,50,0,0,2,30,5,0,0,0,1,23.82906199,151,92,112,90.35382596,0,1,6.33,2.2,0,2,-1,-1,0,11,0.2146557474,4,1,-1,-1
166,37,1,0,3,95,10,0,0,0,0,25.20478891,100.5,53,70.5,79.10612536,0,0,4.16,1.4,0,2,-1,-1,0,,0.0444239247,1,0,-1,-1
103,37,0,0,3,86,10,0,0,0,0,23.22245748,124,66.5,88,95.22623025,0,0,4.96,1.12,0,2,-1,-1,0,4,0.06690364344,1,0,-1,-1
2163,54,1,0,1,60,2,0,0,0,1,60.9477721,163.5,78.5,108,88.21951,1,2,4.48,1.17,0,2,-1,-1,0,13,0.5377612224,5,0,679,322
1254,47,1,0,2,100,10,0,0,0,0,30.2962798,116.5,71,86.5,113.2452792,0,1,4.12,1.19,0,2,-1,-1,0,2,0.07579650885,1,1,-1,-1
661,42,0,0,3,91,7,0,0,0,1,25.56495392,144,88.5,107.5,108.9884179,0,1,4.12,1.38,0,2,-1,-1,0,6,0.1656025807,3,0,-1,-1
3495,69,0,0,2,55,5,1,0,0,1,33.30238411,141.5,80,104.5,67.13518737,0,1,3.97,1.33,1,1,1545,4.232876712,1545,15,0.7502972949,5,0,423,-1
2359,56,1,0,3,121,10,0,0,1,0,23.11961853,111,62.5,82.5,92.64485751,0,0,6.34,2.24,0,2,-1,-1,0,10,0.07641950545,2,1,-1,-1
1679,51,0,0,3,93,8,0,0,0,0,24.54171751,112.5,67.5,82,81.77988151,0,0,5.48,1.38,0,2,-1,-1,0,7,0.09273558971,2,1,-1,-1
180,37,1,0,2,109,11,0,0,0,0,22.3765126,106,67.5,81,91.88109603,0,1,2.51,1.37,0,2,-1,-1,0,-2,0.0492116629,1,0,-1,-1
1473,49,1,2,2,46,12,0,0,0,0,32.46439129,128.5,84.5,97.5,69.28922871,0,0,6.65,1.39,0,2,-1,-1,0,9,0.08382374333,2,1,-1,-1
1059,46,0,0,3,46,8,0,0,0,0,24.67550027,109,69.5,85.5,72.89483059,0,1,5.52,1.36,0,2,-1,-1,0,5,0.08398713572,2,0,-1,-1
1168,47,0,0,2,81,11,0,0,1,0,33.20892917,128,75,90,86.54384914,0,1,6.22,1.06,0,2,-1,-1,0,14,0.1528948062,3,1,314,-1
235,38,0,0,3,115,11,0,0,0,0,26.08942534,140,89,106,87.96636786,0,0,5.35,1.65,0,2,-1,-1,0,4,0.07394144767,1,0,-1,-1
1161,46,1,0,1,65,11,0,0,0,0,27.60945176,114,71.5,87,74.52218072,0,0,4.03,1.3,0,2,-1,-1,0,1,0.08533975922,2,0,-1,-1
475,40,1,0,2,109,11,0,0,0,0,22.72708825,106,57.5,78.5,90.43841427,0,0,4.7,1.97,0,2,-1,-1,0,0,0.05299198148,1,0,-1,-1
2784,60,0,0,3,89,12,0,0,0,1,27.77588052,126,76.5,95,78.10049242,0,0,6.06,1.58,0,2,-1,-1,0,13,0.2412264716,4,0,-1,-1
2121,54,1,0,2,79,7,0,0,0,0,23.05175491,119.5,77,94,79.42433568,0,1,8.19,1.66,0,2,-1,-1,0,7,0.07188405693,1,0,-1,-1
1983,53,1,0,3,85,11,0,0,0,1,21.92527137,119,77.5,92,79.72628407,0,1,5.71,1.61,0,2,-1,-1,0,10,0.1224576024,3,1,-1,-1
468,40,1,0,3,125,12,0,0,0,0,18.10774106,99,66,76.5,87.32901803,0,1,4.52,1.47,0,2,-1,-1,0,1,0.03873500818,1,0,-1,-1
